Symbol,Contract Type,Margin Mode,Position Mode,Side,Leverage,Open Time,Close Time,Avg. Price,Exit Price,Held Qty,Max Qty,Close Qty,Position PnL,Position PnL%,Closed PNL,Trading Fee,Funding Fee,Status
XRPUSDT,USDT-M,Cross,One-Way,Long,20X,09/25/2026 18:23:08,09/29/2026 06:52:36,1.533219163910528701 USDT,1.551892799034437355 USDT,0 XRP,63797 XRP,63797 XRP,1018.700190581801399238 USDT,20.83%,1191.321900000000399238 USDT,-78.96661954 USDT,-93.655089878199 USDT,Closed
XLMUSDT,USDT-M,Cross,One-Way,Long,20X,09/28/2026 14:40:14,09/28/2026 16:47:58,0.2256 USDT,0.23162 USDT,0 XLM,10000 XLM,10000 XLM,58.35908 USDT,51.74%,60.2 USDT,-1.84092 USDT,0 USDT,Closed
XLMUSDT,USDT-M,Cross,One-Way,Long,20X,09/24/2026 17:25:16,09/28/2026 11:16:07,0.22243 USDT,0.230948399999999999 USDT,0 XLM,20000 XLM,20000 XLM,156.19895119999998 USDT,70.22%,170.36799999999998 USDT,-3.6611008 USDT,-10.507948 USDT,Closed
XRPUSDT,USDT-M,Cross,One-Way,Long,20X,09/25/2026 13:55:56,09/25/2026 15:58:21,1.555899999999999999 USDT,1.5691 USDT,0 XRP,13200 XRP,13200 XRP,157.7051520000000132 USDT,15.36%,174.2400000000000132 USDT,-16.534848 USDT,0 USDT,Closed
XRPUSDT,USDT-M,Cross,One-Way,Long,20X,09/25/2026 06:22:39,09/25/2026 11:19:35,1.566115454455738673 USDT,1.577195983420507252 USDT,0 XRP,40532 XRP,40532 XRP,384.559745165984044028 USDT,12.12%,449.116000000000044028 USDT,-63.16193312 USDT,-1.394321714016 USDT,Closed
XRPUSDT,USDT-M,Cross,One-Way,Long,20X,09/24/2026 17:24:14,09/25/2026 02:30:55,1.536099999999999995 USDT,1.558 USDT,0 XRP,40000 XRP,40000 XRP,812.8208800000002 USDT,26.46%,876.0000000000002 USDT,-49.6808 USDT,-13.49832 USDT,Closed
XRPUSDT,USDT-M,Cross,One-Way,Long,20X,09/22/2026 21:21:58,09/24/2026 17:16:50,1.533080860408244745 USDT,1.548105055647052951 USDT,0 XRP,40074 XRP,40074 XRP,527.981971666160047244 USDT,17.19%,602.079600000000047244 USDT,-49.51059368 USDT,-24.58703465384 USDT,Closed
XLMUSDT,USDT-M,Cross,One-Way,Long,20X,09/23/2026 15:18:04,09/24/2026 15:12:42,0.2031 USDT,0.2151738 USDT,0 XLM,20000 XLM,20000 XLM,235.3808824 USDT,115.89%,241.476 USDT,-3.3944856 USDT,-2.700632 USDT,Closed
XRPUSDT,USDT-M,Cross,One-Way,Long,20X,09/22/2026 21:12:17,09/22/2026 21:20:41,1.6377 USDT,1.6501 USDT,0 XRP,6000 XRP,6000 XRP,66.4944 USDT,13.53%,74.4 USDT,-7.9056 USDT,0 USDT,Closed
XRPUSDT,USDT-M,Cross,One-Way,Long,20X,09/22/2026 17:20:14,09/22/2026 20:37:49,1.5871 USDT,1.609903083333333333 USDT,0 XRP,6000 XRP,6000 XRP,129.118328899999998 USDT,27.12%,136.818499999999998 USDT,-7.7001711 USDT,0 USDT,Closed
XLMUSDT,USDT-M,Cross,One-Way,Long,20X,09/22/2026 17:45:50,09/22/2026 20:00:05,0.21675 USDT,0.21945855 USDT,0 XLM,40000 XLM,40000 XLM,101.3409948 USDT,23.38%,108.342 USDT,-7.0010052 USDT,0 USDT,Closed
XLMUSDT,USDT-M,Cross,One-Way,Long,20X,09/22/2026 12:37:00,09/22/2026 17:19:58,0.21692 USDT,0.21802033333333333 USDT,0 XLM,66000 XLM,66000 XLM,57.98118039999978 USDT,8.10%,72.62199999999978 USDT,-11.4969492 USDT,-3.1438704 USDT,Closed
XRPUSDT,USDT-M,Cross,One-Way,Long,25X,09/22/2026 12:29:03,09/22/2026 16:22:17,1.577574999999999998 USDT,1.58284605 USDT,0 XRP,28000 XRP,28000 XRP,112.163166360000056 USDT,6.35%,147.589400000000056 USDT,-35.42623364 USDT,0 USDT,Closed
XLMUSDT,USDT-M,Cross,One-Way,Long,20X,09/21/2026 16:16:28,09/22/2026 12:17:00,0.215378802462227195 USDT,0.216979999999999997 USDT,0 XLM,107220 XLM,107220 XLM,139.96182837599983044 USDT,12.12%,171.68039999999983044 USDT,-18.5773404 USDT,-13.141231224 USDT,Closed
XRPUSDT,USDT-M,Cross,One-Way,Long,20X,09/22/2026 02:00:02,09/22/2026 12:06:01,1.547 USDT,1.5885 USDT,0 XRP,3232 XRP,3232 XRP,128.930627264 USDT,51.57%,134.128 USDT,-4.0804 USDT,-1.116972736 USDT,Closed
XRPUSDT,USDT-M,Cross,One-Way,Long,20X,09/21/2026 15:04:36,09/22/2026 01:59:18,1.543349999999999997 USDT,1.547 USDT,0 XRP,36000 XRP,36000 XRP,63.134172000000108 USDT,2.27%,131.400000000000108 USDT,-50.15952 USDT,-18.106308 USDT,Closed
XLMUSDT,USDT-M,Cross,One-Way,Long,20X,09/21/2026 13:34:19,09/21/2026 14:49:27,0.21314 USDT,0.217253807290556383 USDT,0 XLM,46910 XLM,46910 XLM,184.86419485999992653 USDT,36.98%,192.97869999999992653 USDT,-8.11450514 USDT,0 USDT,Closed
XRPUSDT,USDT-M,Cross,One-Way,Long,20X,09/21/2026 09:38:03,09/21/2026 13:31:03,1.483 USDT,1.5175 USDT,0 XRP,5813 XRP,5813 XRP,193.5316277 USDT,44.90%,200.5485 USDT,-7.0168723 USDT,0 USDT,Closed
XLMUSDT,USDT-M,Cross,One-Way,Long,20X,09/21/2026 10:17:00,09/21/2026 12:59:28,0.20672 USDT,0.211714891461649781 USDT,0 XLM,48370 XLM,48370 XLM,233.45870113999990697 USDT,46.70%,241.60289999999990697 USDT,-8.14419886 USDT,0 USDT,Closed
XLMUSDT,USDT-M,Cross,One-Way,Long,20X,09/21/2026 06:28:42,09/21/2026 07:58:25,0.20729 USDT,0.210683718905472634 USDT,0 XLM,48240 XLM,48240 XLM,155.61503651999986416 USDT,31.12%,163.71299999999986416 USDT,-8.09796348 USDT,0 USDT,Closed
XRPUSDT,USDT-M,Cross,One-Way,Long,20X,09/21/2026 07:06:18,09/21/2026 07:57:27,1.4757 USDT,1.5007 USDT,0 XRP,963 XRP,963 XRP,22.92367572 USDT,32.26%,24.075 USDT,-1.15132428 USDT,0 USDT,Closed
XRPUSDT,USDT-M,Cross,One-Way,Long,20X,09/21/2026 06:37:22,09/21/2026 06:51:54,1.474 USDT,1.4958 USDT,0 XRP,6784 XRP,6784 XRP,139.80277248 USDT,27.96%,147.8912 USDT,-8.08842752 USDT,0 USDT,Closed
XRPUSDT,USDT-M,Cross,One-Way,Long,20X,09/20/2026 18:56:04,09/21/2026 05:37:43,1.406 USDT,1.494803787878787878 USDT,0 XRP,3300 XRP,3300 XRP,288.1203322999999974 USDT,124.20%,293.0524999999999974 USDT,-3.8876715 USDT,-1.0444962 USDT,Closed
XLMUSDT,USDT-M,Cross,One-Way,Long,20X,09/20/2026 18:56:14,09/21/2026 01:57:11,0.19594 USDT,0.206478733333333332 USDT,0 XLM,30000 XLM,30000 XLM,309.95093079999996 USDT,105.46%,316.16199999999996 USDT,-4.8922572 USDT,-1.318812 USDT,Closed
XRPUSDT,USDT-M,Cross,One-Way,Long,20X,09/18/2026 22:07:13,09/20/2026 17:20:17,1.419950136322326565 USDT,1.429351772190245379 USDT,0 XRP,33010 XRP,33010 XRP,235.80668417224005014 USDT,10.06%,310.34800000000005014 USDT,-38.4836656 USDT,-36.05765022776 USDT,Closed
XLMUSDT,USDT-M,Cross,One-Way,Long,20X,09/20/2026 09:17:54,09/20/2026 17:20:02,0.196128756666666665 USDT,0.200355333333333332 USDT,0 XLM,30000 XLM,30000 XLM,120.71156346000001 USDT,41.03%,126.79730000000001 USDT,-4.78395254 USDT,-1.301784 USDT,Closed
XLMUSDT,USDT-M,Cross,One-Way,Long,20X,09/19/2026 10:14:25,09/19/2026 12:33:02,0.199189999999999999 USDT,0.199508959166666665 USDT,0 XLM,120000 XLM,120000 XLM,19.12989493999992 USDT,1.60%,38.27509999999992 USDT,-19.14520506 USDT,0 USDT,Closed
XLMUSDT,USDT-M,Cross,One-Way,Long,20X,09/19/2026 07:39:17,09/19/2026 09:49:15,0.198250952380952379 USDT,0.200082269841269839 USDT,0 XLM,126000 XLM,126000 XLM,208.00603239999996 USDT,16.65%,230.74599999999996 USDT,-20.1221436 USDT,-2.617824 USDT,Closed
LINKUSDT,USDT-M,Cross,One-Way,Long,20X,09/18/2026 20:37:01,09/19/2026 08:03:59,12.369 USDT,12.573 USDT,0 LINK,80.8 LINK,80.8 LINK,15.455204224 USDT,30.93%,16.4832 USDT,-0.80942208 USDT,-0.218573696 USDT,Closed
XLMUSDT,USDT-M,Cross,One-Way,Long,20X,09/19/2026 06:50:27,09/19/2026 07:05:18,0.19914 USDT,0.201471065999999998 USDT,0 XLM,50000 XLM,50000 XLM,108.5177680199999 USDT,21.80%,116.5532999999999 USDT,-8.03553198 USDT,0 USDT,Closed
XRPUSDT,USDT-M,Cross,One-Way,Long,20X,09/18/2026 12:16:18,09/18/2026 19:13:36,1.3995 USDT,1.4167 USDT,0 XRP,12000 XRP,12000 XRP,185.794512 USDT,22.13%,206.4 USDT,-16.91952 USDT,-3.685968 USDT,Closed
ZECUSDT,USDT-M,Cross,One-Way,Long,20X,09/18/2026 16:01:45,09/18/2026 17:56:05,1561.305 USDT,1583.34 USDT,0 ZEC,8 ZEC,8 ZEC,166.646739000055332845 USDT,26.68%,176.28 USDT,-10.09812 USDT,0.464859000055332845 USDT,Closed
ZECUSDT,USDT-M,Cross,One-Way,Long,20X,09/17/2026 22:05:12,09/18/2026 15:59:16,1522.16 USDT,1545.88 USDT,0 ZEC,2 ZEC,2 ZEC,45.935714401967415615 USDT,30.18%,47.44 USDT,-2.46392 USDT,0.959634401967415615 USDT,Closed
XLMUSDT,USDT-M,Cross,One-Way,Long,20X,08/23/2026 14:18:53,09/18/2026 14:47:00,0.193719999999999998 USDT,0.194337653749999998 USDT,0 XLM,80000 XLM,80000 XLM,-7.053034191275703375 USDT,-0.91%,49.4123 USDT,-12.42772738 USDT,-44.037606811275703375 USDT,Closed
XRPUSDT,USDT-M,Cross,One-Way,Long,20X,09/18/2026 08:20:11,09/18/2026 12:11:04,1.384849999999999999 USDT,1.3947 USDT,0 XRP,8000 XRP,8000 XRP,68.671848000000008 USDT,12.40%,78.800000000000008 USDT,-8.91032 USDT,-1.217832 USDT,Closed
HYPEUSDT,USDT-M,Cross,One-Way,Long,20X,09/17/2026 22:04:38,09/18/2026 08:11:27,87.369 USDT,91.64565 USDT,0 HYPE,10 HYPE,10 HYPE,41.7389957 USDT,95.55%,42.7665 USDT,-0.7246119 USDT,-0.3028924 USDT,Closed
XRPUSDT,USDT-M,Cross,One-Way,Long,20X,09/18/2026 06:47:15,09/18/2026 08:05:37,1.3514 USDT,1.385 USDT,0 XRP,3000 XRP,3000 XRP,97.49616 USDT,48.10%,100.8 USDT,-3.30384 USDT,0 USDT,Closed
XRPUSDT,USDT-M,Cross,One-Way,Long,20X,09/17/2026 20:32:10,09/18/2026 06:39:15,1.3218 USDT,1.3365 USDT,0 XRP,10000 XRP,10000 XRP,133.49911749 USDT,20.20%,147 USDT,-10.6626 USDT,-2.83828251 USDT,Closed
ZECUSDT,USDT-M,Cross,One-Way,Long,20X,09/17/2026 10:59:34,09/17/2026 20:25:42,1470 USDT,1485.53 USDT,0 ZEC,1.36 ZEC,1.36 ZEC,20.507366433167340871 USDT,20.52%,21.1208 USDT,-1.61203248 USDT,0.998598913167340871 USDT,Closed
XRPUSDT,USDT-M,Cross,One-Way,Long,20X,09/14/2026 15:17:24,09/17/2026 20:25:30,1.312150738185658748 USDT,1.316281571200647176 USDT,0 XRP,44501 XRP,44501 XRP,115.493697979507034428 USDT,3.96%,183.826200000000034428 USDT,-46.82391172 USDT,-21.508590300493 USDT,Closed
ZECUSDT,USDT-M,Cross,One-Way,Long,20X,09/17/2026 05:47:10,09/17/2026 09:14:31,1369.723793103448275861 USDT,1467.631379310344827586 USDT,0 ZEC,1.45 ZEC,1.45 ZEC,140.627135662724725567 USDT,141.61%,141.966000000000000001 USDT,-2.468499 USDT,1.129634662724725566 USDT,Closed
XRPUSDT,USDT-M,Cross,One-Way,Long,20X,09/03/2026 14:27:21,09/14/2026 11:45:15,1.425547222004105575 USDT,1.460614591629555676 USDT,0 XRP,79147 XRP,89147 XRP,2662.440049533436664895 USDT,41.99%,3126.150800000000153847 USDT,-87.54274504 USDT,-376.168005426563488952 USDT,Closed
ADAUSDT,USDT-M,Cross,One-Way,Long,20X,09/05/2026 20:44:33,09/06/2026 17:58:34,0.2235 USDT,0.22340001 USDT,0 ADA,10000 ADA,10000 ADA,-4.23798006 USDT,-3.79%,-0.9999 USDT,-1.78740006 USDT,-1.45068 USDT,Closed
HYPEUSDT,USDT-M,Cross,One-Way,Long,20X,09/03/2026 19:55:48,09/06/2026 06:31:32,86.976 USDT,88.539179999999999999 USDT,0 HYPE,20 HYPE,20 HYPE,26.360689644832701613 USDT,30.31%,31.26359999999999998 USDT,-1.41037416 USDT,-3.492536195167298367 USDT,Closed
ADAUSDT,USDT-M,Cross,One-Way,Long,20X,09/03/2026 09:59:42,09/03/2026 13:55:13,0.222 USDT,0.2229 USDT,0 ADA,18018 ADA,18018 ADA,13.00647348 USDT,6.50%,16.2162 USDT,-3.20972652 USDT,0 USDT,Closed
XRPUSDT,USDT-M,Cross,One-Way,Long,20X,09/03/2026 08:11:28,09/03/2026 13:54:58,1.45 USDT,1.4714 USDT,0 XRP,2068 XRP,2068 XRP,41.332668044852565452 USDT,27.57%,44.2552 USDT,-2.42543312 USDT,-0.497098835147434548 USDT,Closed
XRPUSDT,USDT-M,Cross,One-Way,Long,20X,08/30/2026 11:36:23,09/03/2026 07:55:59,1.393349999999999995 USDT,1.431255582812499999 USDT,0 XRP,64000 XRP,64000 XRP,2164.228165607047549142 USDT,48.54%,2425.957300000000256 USDT,-60.82081038 USDT,-200.908324012952706858 USDT,Closed
XRPUSDT,USDT-M,Cross,One-Way,Long,20X,08/30/2026 09:38:25,08/30/2026 11:03:48,1.4097 USDT,1.4188 USDT,0 XRP,7500 XRP,7500 XRP,59.75085 USDT,11.30%,68.25 USDT,-8.49915 USDT,0 USDT,Closed
XRPUSDT,USDT-M,Cross,One-Way,Long,20X,08/30/2026 07:06:52,08/30/2026 09:34:00,1.399758258064516128 USDT,1.408779051612903225 USDT,0 XRP,15500 XRP,15500 XRP,129.3054519400000035 USDT,11.92%,139.8223000000000035 USDT,-8.70646566 USDT,-1.8103824 USDT,Closed
SOLUSDT,USDT-M,Cross,One-Way,Long,20X,08/29/2026 16:07:30,08/30/2026 08:57:21,105.55 USDT,106.14 USDT,0 SOL,9.47 SOL,9.47 SOL,4.234578874700700331 USDT,8.47%,5.5873 USDT,-1.20282258 USDT,-0.149898545299299669 USDT,Closed
XRPUSDT,USDT-M,Cross,One-Way,Long,20X,08/29/2026 12:11:01,08/30/2026 06:57:02,1.394020478943022295 USDT,1.4083 USDT,0 XRP,6055 XRP,6055 XRP,77.588892930592697142 USDT,18.38%,86.462500000000003775 USDT,-6.1830101 USDT,-2.690596969407306633 USDT,Closed
HYPEUSDT,USDT-M,Cross,One-Way,Long,20X,08/27/2026 19:15:04,08/30/2026 06:35:44,83.215122448979591835 USDT,83.669339795918367346 USDT,0 HYPE,98 HYPE,98 HYPE,27.560901030344921546 USDT,6.76%,44.513300000000000078 USDT,-8.20991358 USDT,-8.742485389655078532 USDT,Closed
XRPUSDT,USDT-M,Cross,One-Way,Long,20X,08/29/2026 08:17:44,08/29/2026 12:06:26,1.390649999999999999 USDT,1.3963 USDT,0 XRP,10000 XRP,10000 XRP,44.784586384322487479 USDT,6.44%,56.50000000000001 USDT,-11.1591 USDT,-0.556313615677522521 USDT,Closed
XRPUSDT,USDT-M,Cross,One-Way,Long,20X,08/27/2026 13:48:26,08/29/2026 07:58:12,1.389077484098223561 USDT,1.3984 USDT,0 XRP,39461 XRP,39461 XRP,303.464903481287059379 USDT,11.07%,367.875800000000059379 USDT,-44.07223476 USDT,-20.338661758713 USDT,Closed
BTCUSDT,USDT-M,Cross,One-Way,Long,30X,08/24/2026 22:53:09,08/27/2026 14:31:48,80726.2 USDT,80038.1 USDT,0 BTC,0.0002 BTC,0.0002 BTC,-0.156911716 USDT,-29.16%,-0.13762 USDT,-0.019291716 USDT,0 USDT,Closed
BTCUSDT,USDT-M,Isolated,One-Way,Short,3X,08/27/2026 13:34:24,08/27/2026 14:31:22,79961.8 USDT,80038.2 USDT,0 BTC,0.0003 BTC,0.0003 BTC,-0.05172 USDT,-0.65%,-0.02292 USDT,-0.0288 USDT,0 USDT,Closed
HYPEUSDT,USDT-M,Cross,One-Way,Long,20X,08/27/2026 09:19:04,08/27/2026 11:16:37,84.895 USDT,85.399 USDT,0 HYPE,23.5 HYPE,23.5 HYPE,10.2408676 USDT,10.27%,11.844 USDT,-1.6031324 USDT,0 USDT,Closed
XRPUSDT,USDT-M,Cross,One-Way,Long,20X,08/27/2026 04:51:14,08/27/2026 11:16:33,1.42 USDT,1.4397 USDT,0 XRP,2112 XRP,2112 XRP,39.18220416 USDT,26.13%,41.6064 USDT,-2.42419584 USDT,0 USDT,Closed
XRPUSDT,USDT-M,Cross,One-Way,Long,20X,08/26/2026 15:19:27,08/27/2026 01:41:38,1.41279 USDT,1.44 USDT,0 XRP,14000 XRP,14000 XRP,365.831172 USDT,36.99%,380.94 USDT,-15.108828 USDT,0 USDT,Closed
XRPUSDT,USDT-M,Cross,One-Way,Long,20X,08/26/2026 14:41:37,08/26/2026 15:12:21,1.3962 USDT,1.4047 USDT,0 XRP,14000 XRP,14000 XRP,111.15748 USDT,11.37%,119 USDT,-7.84252 USDT,0 USDT,Closed
XRPUSDT,USDT-M,Cross,One-Way,Long,20X,08/26/2026 14:34:18,08/26/2026 14:37:38,1.3925 USDT,1.398250208333333332 USDT,0 XRP,4800 XRP,4800 XRP,19.5636393999999936 USDT,5.85%,27.6009999999999936 USDT,-8.0373606 USDT,0 USDT,Closed
XRPUSDT,USDT-M,Cross,One-Way,Long,20X,08/26/2026 02:43:16,08/26/2026 14:30:01,1.385868505239933811 USDT,1.393900689464975179 USDT,0 XRP,14504 XRP,14504 XRP,100.348391280000001472 USDT,9.98%,116.498800000000001472 USDT,-16.15040872 USDT,0 USDT,Closed
HYPEUSDT,USDT-M,Cross,One-Way,Long,20X,08/21/2026 20:52:21,08/25/2026 21:57:06,82.073 USDT,82.229006666666666666 USDT,0 HYPE,30 HYPE,30 HYPE,2.70763987999999998 USDT,2.20%,4.68019999999999998 USDT,-1.97256012 USDT,0 USDT,Closed
XRPUSDT,USDT-M,Cross,One-Way,Long,20X,08/25/2026 16:20:04,08/25/2026 19:27:49,1.437790311710193763 USDT,1.448702106149957877 USDT,0 XRP,9496 XRP,9496 XRP,90.325943520000026544 USDT,13.23%,103.618400000000026544 USDT,-13.29245648 USDT,0 USDT,Closed
XRPUSDT,USDT-M,Cross,One-Way,Long,20X,08/24/2026 22:57:03,08/25/2026 16:06:20,1.442283217391304345 USDT,1.4483 USDT,0 XRP,17250 XRP,17250 XRP,93.20838790000004875 USDT,7.49%,103.78950000000004875 USDT,-10.5811121 USDT,0 USDT,Closed
XRPUSDT,USDT-M,Cross,One-Way,Long,25X,08/24/2026 19:42:02,08/24/2026 22:40:18,1.523241666666666664 USDT,1.525925416666666666 USDT,0 XRP,24000 XRP,24000 XRP,30.866594000000048 USDT,2.11%,64.410000000000048 USDT,-33.543406 USDT,0 USDT,Closed
XRPUSDT,USDT-M,Cross,One-Way,Long,25X,08/24/2026 18:10:05,08/24/2026 19:17:57,1.504 USDT,1.515 USDT,0 XRP,14000 XRP,14000 XRP,145.5468 USDT,17.28%,154 USDT,-8.4532 USDT,0 USDT,Closed
XRPUSDT,USDT-M,Cross,One-Way,Short,25X,08/24/2026 17:43:11,08/24/2026 18:08:20,1.505099999999999997 USDT,1.504 USDT,0 XRP,28000 XRP,28000 XRP,-2.895760000000084 USDT,-0.17%,30.799999999999916 USDT,-33.69576 USDT,0 USDT,Closed
XRPUSDT,USDT-M,Cross,One-Way,Long,25X,08/24/2026 06:32:51,08/24/2026 17:42:48,1.485553694862110738 USDT,1.498789788356017957 USDT,0 XRP,14033 XRP,14033 XRP,168.953234740000004227 USDT,20.26%,185.742100000000004227 USDT,-16.78886526 USDT,0 USDT,Closed
XRPUSDT,USDT-M,Cross,One-Way,Long,25X,08/23/2026 10:24:29,08/24/2026 06:07:51,1.497849999999999999 USDT,1.516704375 USDT,0 XRP,16000 XRP,16000 XRP,282.316518000000016 USDT,29.45%,301.670000000000016 USDT,-19.353482 USDT,0 USDT,Closed
XRPUSDT,USDT-M,Cross,One-Way,Long,25X,08/22/2026 17:59:52,08/23/2026 10:02:36,1.501707142857142856 USDT,1.509007857142857142 USDT,0 XRP,14000 XRP,14000 XRP,85.329554000000004 USDT,10.15%,102.210000000000004 USDT,-16.880446 USDT,0 USDT,Closed
XRPUSDT,USDT-M,Cross,One-Way,Long,20X,08/22/2026 13:19:06,08/22/2026 17:58:48,1.496563445578051487 USDT,1.515505286250462546 USDT,0 XRP,18917 XRP,18917 XRP,333.477301760000003103 USDT,23.56%,358.322800000000003103 USDT,-24.84549824 USDT,0 USDT,Closed
XRPUSDT,USDT-M,Cross,One-Way,Long,20X,08/22/2026 11:41:00,08/22/2026 12:44:50,1.485 USDT,1.499592857142857142 USDT,0 XRP,7000 XRP,7000 XRP,93.772709999999994 USDT,18.04%,102.149999999999994 USDT,-8.37729 USDT,0 USDT,Closed
XRPUSDT,USDT-M,Cross,One-Way,Long,20X,08/22/2026 11:06:08,08/22/2026 11:24:10,1.4847 USDT,1.496174399999999999 USDT,0 XRP,7000 XRP,7000 XRP,71.958287519999993 USDT,13.85%,80.320799999999993 USDT,-8.36251248 USDT,0 USDT,Closed
XRPUSDT,USDT-M,Cross,One-Way,Long,20X,08/22/2026 06:55:01,08/22/2026 11:00:08,1.474824999999999997 USDT,1.479146 USDT,0 XRP,10000 XRP,10000 XRP,31.38547400000003 USDT,4.26%,43.21000000000003 USDT,-11.824526 USDT,0 USDT,Closed
XRPUSDT,USDT-M,Cross,One-Way,Long,8X,08/21/2026 21:31:54,08/21/2026 23:37:42,1.5657 USDT,1.5693 USDT,0 XRP,4000 XRP,4000 XRP,11.892 USDT,1.52%,14.4 USDT,-2.508 USDT,0 USDT,Closed
XRPUSDT,USDT-M,Cross,One-Way,Long,20X,08/21/2026 21:04:05,08/21/2026 21:13:52,1.5556 USDT,1.574619499999999999 USDT,0 XRP,7200 XRP,7200 XRP,127.8979797599999928 USDT,22.84%,136.9403999999999928 USDT,-9.04242024 USDT,0 USDT,Closed
HYPEUSDT,USDT-M,Cross,One-Way,Long,20X,08/21/2026 20:10:00,08/21/2026 20:42:16,81.06 USDT,81.973780999999999999 USDT,0 HYPE,100 HYPE,100 HYPE,84.8384731399999999 USDT,20.93%,91.3780999999999999 USDT,-6.53962686 USDT,0 USDT,Closed
XRPUSDT,USDT-M,Cross,One-Way,Long,20X,08/21/2026 20:04:14,08/21/2026 20:23:40,1.5472 USDT,1.583601333333333333 USDT,0 XRP,7500 XRP,7500 XRP,263.5629939999999975 USDT,45.43%,273.0099999999999975 USDT,-9.447006 USDT,0 USDT,Closed
XLMUSDT,USDT-M,Cross,One-Way,Long,20X,08/21/2026 16:05:02,08/21/2026 20:00:36,0.20214 USDT,0.209593939999999999 USDT,0 XLM,20000 XLM,20000 XLM,145.75511271999998 USDT,72.11%,149.07879999999998 USDT,-3.32368728 USDT,0 USDT,Closed
XRPUSDT,USDT-M,Cross,One-Way,Long,20X,08/21/2026 19:22:18,08/21/2026 19:54:35,1.5122 USDT,1.547381818181818181 USDT,0 XRP,6600 XRP,6600 XRP,224.0762639999999946 USDT,44.90%,232.1999999999999946 USDT,-8.123736 USDT,0 USDT,Closed
HYPEUSDT,USDT-M,Cross,One-Way,Long,20X,08/21/2026 15:45:59,08/21/2026 19:19:31,76 USDT,79.239081 USDT,0 HYPE,100 HYPE,100 HYPE,317.63375514 USDT,83.59%,323.9081 USDT,-6.27434486 USDT,0 USDT,Closed
XRPUSDT,USDT-M,Cross,One-Way,Long,20X,08/21/2026 15:29:43,08/21/2026 18:07:40,1.433156633333333332 USDT,1.4733 USDT,0 XRP,3000 XRP,3000 XRP,116.918266020000004 USDT,54.39%,120.430100000000004 USDT,-3.51183398 USDT,0 USDT,Closed
XRPUSDT,USDT-M,Cross,One-Way,Long,20X,08/21/2026 07:39:16,08/21/2026 15:18:41,1.3941 USDT,1.434594666666666666 USDT,0 XRP,7500 XRP,7500 XRP,295.163173999999995 USDT,56.46%,303.709999999999995 USDT,-8.546826 USDT,0 USDT,Closed
XLMUSDT,USDT-M,Cross,One-Way,Long,20X,08/21/2026 11:29:53,08/21/2026 15:17:16,0.19403 USDT,0.198038099999999999 USDT,0 XLM,20000 XLM,20000 XLM,77.00942279999998 USDT,39.69%,80.16199999999998 USDT,-3.1525772 USDT,0 USDT,Closed
HYPEUSDT,USDT-M,Cross,One-Way,Long,20X,08/21/2026 07:37:36,08/21/2026 15:14:08,76.405551663747810857 USDT,76.951171628721541155 USDT,0 HYPE,171.3 HYPE,171.3 HYPE,80.940517980000000047 USDT,12.37%,93.464700000000000047 USDT,-12.52418202 USDT,0 USDT,Closed
XLMUSDT,USDT-M,Cross,One-Way,Long,20X,08/21/2026 06:33:29,08/21/2026 06:56:34,0.19025 USDT,0.1917842 USDT,0 XLM,10000 XLM,10000 XLM,13.8107948 USDT,14.52%,15.342 USDT,-1.5312052 USDT,0 USDT,Closed
HYPEUSDT,USDT-M,Cross,One-Way,Long,20X,08/21/2026 06:27:32,08/21/2026 06:56:13,76.981 USDT,77.265006 USDT,0 HYPE,100 HYPE,100 HYPE,22.22507964 USDT,5.77%,28.4006 USDT,-6.17552036 USDT,0 USDT,Closed
XRPUSDT,USDT-M,Cross,One-Way,Long,20X,08/21/2026 06:30:50,08/21/2026 06:54:52,1.3876 USDT,1.4065 USDT,0 XRP,2500 XRP,2500 XRP,44.44645 USDT,25.62%,47.25 USDT,-2.80355 USDT,0 USDT,Closed
XRPUSDT,USDT-M,Cross,One-Way,Long,20X,08/20/2026 21:26:01,08/21/2026 06:17:20,1.3052 USDT,1.3768 USDT,0 XRP,1538 XRP,1538 XRP,108.44880944 USDT,108.05%,110.1208 USDT,-1.67199056 USDT,0 USDT,Closed
HYPEUSDT,USDT-M,Cross,One-Way,Long,20X,08/20/2026 16:42:29,08/21/2026 06:16:57,73.945 USDT,76.210725158562367863 USDT,0 HYPE,94.6 HYPE,94.6 HYPE,208.61283983999999984 USDT,59.64%,214.33759999999999984 USDT,-5.72476016 USDT,0 USDT,Closed
XLMUSDT,USDT-M,Cross,One-Way,Long,20X,07/19/2026 14:55:37,08/20/2026 21:06:15,0.183088218623481779 USDT,0.185613371891266627 USDT,0 XLM,86450 XLM,86450 XLM,203.8265999000001096 USDT,25.76%,218.2995000000001096 USDT,-14.4729001 USDT,0 USDT,Closed
XRPUSDT,USDT-M,Cross,One-Way,Long,20X,08/20/2026 14:52:29,08/20/2026 21:05:36,1.2657 USDT,1.319 USDT,0 XRP,6072 XRP,6072 XRP,317.29515312 USDT,82.57%,323.6376 USDT,-6.34244688 USDT,0 USDT,Closed
HYPEUSDT,USDT-M,Cross,One-Way,Long,20X,08/20/2026 05:12:30,08/20/2026 12:36:27,71.5 USDT,72.718010752688172043 USDT,0 HYPE,27.9 HYPE,27.9 HYPE,32.3662305 USDT,32.45%,33.9825 USDT,-1.6162695 USDT,0 USDT,Closed
XRPUSDT,USDT-M,Cross,One-Way,Long,20X,08/20/2026 06:37:05,08/20/2026 11:41:30,1.195 USDT,1.249201593371574251 USDT,0 XRP,6276 XRP,6276 XRP,333.965242479999999276 USDT,89.06%,340.169199999999999276 USDT,-6.20395752 USDT,0 USDT,Closed
XRPUSDT,USDT-M,Cross,One-Way,Long,20X,07/04/2026 11:48:59,08/20/2026 04:56:31,1.145137499999999999 USDT,1.1876484375 USDT,0 XRP,19200 XRP,19200 XRP,798.1309620000000192 USDT,72.60%,816.2100000000000192 USDT,-18.079038 USDT,0 USDT,Closed
HYPEUSDT,USDT-M,Cross,One-Way,Long,20X,08/19/2026 14:16:27,08/20/2026 04:55:36,70.03 USDT,71.822074285714285713 USDT,0 HYPE,70 HYPE,70 HYPE,121.44825287999999991 USDT,49.55%,125.44519999999999991 USDT,-3.99694712 USDT,0 USDT,Closed
HYPEUSDT,USDT-M,Cross,One-Way,Long,20X,07/10/2026 06:26:54,08/19/2026 13:04:02,61.650559888579387185 USDT,69.645133704735376043 USDT,0 HYPE,71.8 HYPE,71.8 HYPE,569.527561520000000004 USDT,257.33%,574.010400000000000004 USDT,-4.48283848 USDT,0 USDT,Closed