ts,open,high,low,close,vol,volCurrency,volCurrencyQuote,confirm
1785430800000,74.57,74.83,74.39,74.73,9580.0,9580.52,714478.2922,1
1785434400000,74.73,74.94,74.45,74.5,7563.0,7563.36,564919.1823,1
1785438000000,74.49,74.79,74.49,74.75,7774.0,7774.54,580033.8861,1
1785441600000,74.72,74.89,74.42,74.44,9112.0,9112.35,679228.7863,1
1785445200000,74.44,74.56,74.4,74.48,4537.0,4537.95,337909.8053,1
1785448800000,74.43,74.85,74.39,74.72,14216.0,14216.99,1062273.015,1
1785452400000,74.72,74.93,74.42,74.49,8111.0,8111.56,605708.4294,1
1785456000000,74.47,74.6,74.4,74.46,6949.0,6949.64,517516.3749,1
1785459600000,74.46,75.29,74.25,74.37,30344.0,30344.2,2269938.5057,1
1785463200000,74.35,74.53,74.04,74.11,11070.0,11070.48,822182.3006,1
1785466800000,74.11,74.28,73.84,74.12,7877.0,7877.87,583463.1165,1
1785470400000,74.11,74.11,73.7,73.81,7887.0,7887.86,582809.9775,1
1785474000000,73.81,74.28,73.79,74.19,5549.0,5549.09,411314.1105,1
1785477600000,74.19,74.51,73.98,74.07,7954.0,7954.33,591112.5811,1
1785481200000,74.05,74.05,73.48,73.65,12162.0,12162.06,896856.4271,1
1785484800000,73.63,73.75,73.49,73.63,4957.0,4957.11,365113.0664,1
1785488400000,73.65,73.67,73.37,73.43,8189.0,8189.59,601825.2756,1
1785492000000,73.43,73.62,73.27,73.51,8735.0,8735.95,642092.5802,1
1785495600000,73.55,73.67,73.44,73.53,4209.0,4209.68,309653.6086,1
1785499200000,73.53,73.61,73.37,73.57,4354.0,4354.49,320024.8209,1
1785502800000,73.58,73.78,73.13,73.25,22537.0,22537.34,1653601.9026,1
1785506400000,73.26,73.67,72.77,73.0,38338.0,38338.17,2808016.2257,1
1785510000000,73.0,73.19,72.85,73.06,9335.0,9335.71,681833.631,1
1785513600000,73.06,73.32,72.95,73.3,8260.0,8260.84,604293.0731,1
1785517200000,73.3,73.42,73.16,73.34,6489.0,6489.19,475765.8172,1
1785520800000,73.34,73.45,72.92,73.07,8234.0,8234.93,602728.2312,1
1785524400000,73.09,73.24,72.9,73.03,2984.0,2984.37,217900.3165,1
1785528000000,73.06,73.18,72.92,72.94,5037.0,5037.48,367834.6948,1
1785531600000,72.94,73.07,72.52,72.68,14488.0,14488.94,1054848.9285,1
1785535200000,72.66,72.91,72.63,72.83,7298.0,7298.49,531541.2836,1
1785538800000,72.83,72.92,72.76,72.83,1993.0,1993.01,145197.0053,1
1785542400000,72.83,73.11,72.83,72.96,2872.0,2872.56,209559.3908,1
1785546000000,72.96,73.1,72.95,72.99,2466.0,2466.33,180137.6803,1
1785549600000,73.01,73.13,72.97,73.05,2400.0,2400.86,175414.4943,1
1785553200000,73.05,73.06,72.85,73.02,2735.0,2735.0,199512.0716,1
1785556800000,73.02,73.17,73.01,73.13,6808.0,6808.12,497532.8041,1
1785560400000,73.13,73.16,72.83,72.91,2328.0,2328.74,169870.5639,1
1785564000000,72.91,72.99,72.85,72.94,3330.0,3330.02,242967.3882,1
1785567600000,72.94,73.06,72.9,72.94,1782.0,1782.34,130062.7433,1
1785571200000,72.94,73.05,72.91,73.02,1675.0,1675.28,122266.3245,1
1785574800000,73.02,73.05,72.82,72.82,3318.0,3318.68,242143.7032,1
1785578400000,72.83,72.85,72.63,72.8,5186.0,5186.65,377359.2842,1
1785582000000,72.79,72.86,72.75,72.85,1747.0,1747.5,127268.6272,1
1785585600000,72.85,72.9,72.83,72.89,6142.0,6142.33,447555.6293,1
1785589200000,72.89,72.96,72.86,72.96,4324.0,4324.72,315315.3883,1
1785592800000,72.94,72.99,72.83,72.99,2836.0,2836.78,206877.412,1
1785596400000,72.99,73.0,72.69,72.76,8629.0,8629.29,628747.4643,1
1785600000000,72.77,72.9,72.41,72.66,7362.0,7362.98,534965.6792,1
1785603600000,72.65,72.74,71.58,71.88,34835.0,34835.27,2507185.9351,1
1785607200000,71.87,71.93,70.54,71.05,53779.0,53779.09,3828521.8151,1
1785610800000,71.03,71.33,71.01,71.22,9642.0,9642.71,686511.7737,1
1785614400000,71.21,71.52,71.17,71.52,22436.0,22436.08,1601864.0339,1
1785618000000,71.51,71.82,71.5,71.8,9116.0,9116.59,653324.2653,1
1785621600000,71.8,71.98,71.8,71.88,4525.0,4525.54,325323.5824,1
1785625200000,71.91,72.06,71.79,71.9,8626.0,8626.24,620404.9882,1
1785628800000,71.92,72.11,71.89,72.08,11108.0,11108.83,800252.5019,1
1785632400000,72.08,72.71,72.08,72.6,19676.0,19676.4,1426261.5264,1
1785636000000,72.64,73.38,72.55,73.1,21787.0,21787.93,1592715.7309,1
1785639600000,73.11,73.2,73.04,73.16,25762.0,25762.23,1883914.0553,1
1785643200000,73.21,73.52,73.19,73.5,7194.0,7194.36,527597.6145,1
1785646800000,73.5,73.62,73.42,73.56,20749.0,20749.63,1525386.9496,1
1785650400000,73.56,73.63,73.4,73.42,5630.0,5630.3,413731.3843,1
1785654000000,73.42,73.48,73.39,73.43,3225.0,3225.44,236854.7083,1
1785657600000,73.46,73.49,73.14,73.15,5101.0,5101.42,373888.4246,1
1785661200000,73.15,73.39,72.94,73.35,4245.0,4245.78,310576.3202,1
1785664800000,73.35,73.35,73.12,73.23,5712.0,5712.8,418338.7983,1
1785668400000,73.23,73.27,72.91,72.96,10221.0,10221.57,746503.4022,1
1785672000000,72.99,73.2,72.86,72.87,7245.0,7245.14,529332.1771,1
1785675600000,72.86,72.98,72.67,72.93,3753.0,3753.36,273480.1681,1
1785679200000,72.93,73.19,72.9,73.05,10630.0,10630.24,776688.0104,1
1785682800000,73.05,73.17,72.97,72.98,7136.0,7136.72,521189.8635,1
1785686400000,72.98,73.25,72.88,73.11,6662.0,6662.32,486981.5898,1
1785690000000,73.11,73.36,73.08,73.29,3334.0,3334.5,244315.4632,1
1785693600000,73.28,73.8,73.22,73.52,46827.0,46827.58,3443789.0307,1
1785697200000,73.52,73.76,73.5,73.67,3957.0,3957.89,291310.6026,1
1785700800000,73.69,73.7,73.5,73.67,24961.0,24961.5,1835755.2745,1
1785704400000,73.67,74.3,73.64,73.95,44165.0,44165.96,3267529.2755,1
1785708000000,73.98,74.18,73.61,73.61,107619.0,107619.04,7959495.5105,1
1785711600000,73.6,73.63,73.44,73.61,85091.0,85091.94,6258075.1306,1
1785715200000,73.58,73.63,73.13,73.19,29074.0,29074.81,2135224.8615,1
1785718800000,73.17,73.23,72.9,72.98,8382.0,8382.04,612219.5855,1
1785722400000,72.98,73.11,72.87,72.99,5829.0,5829.59,425832.3301,1
1785726000000,72.98,73.08,72.63,72.86,13295.0,13295.45,969463.9266,1
1785729600000,72.86,73.02,72.79,72.81,2974.0,2974.63,216801.5008,1
1785733200000,72.81,73.0,72.79,72.88,5576.0,5576.35,406321.2571,1
1785736800000,72.88,72.95,72.48,72.57,7056.0,7056.3,512680.3702,1
1785740400000,72.57,72.65,72.41,72.48,7174.0,7174.11,520283.7297,1
1785744000000,72.48,72.51,71.97,72.33,9451.0,9451.64,682451.9239,1
1785747600000,72.32,72.77,72.29,72.71,16365.0,16365.15,1186566.3628,1
1785751200000,72.7,72.77,72.5,72.58,7699.0,7699.86,559136.4273,1
1785754800000,72.6,72.62,72.35,72.43,11373.0,11373.73,824550.393,1
1785758400000,72.43,72.53,72.3,72.38,11298.0,11298.05,818363.2397,1
1785762000000,72.38,73.25,72.31,73.23,39723.0,39723.73,2889158.2312,1
1785765600000,73.24,73.75,72.98,73.75,39647.0,39647.88,2910440.1689,1
1785769200000,73.76,73.78,73.44,73.57,15931.0,15931.4,1172718.899,1
1785772800000,73.6,73.78,73.2,73.38,14319.0,14319.57,1051896.8537,1
1785776400000,73.39,73.84,73.28,73.67,11909.0,11909.75,876849.408,1
1785780000000,73.67,74.24,73.66,73.95,20060.0,20060.26,1484893.345,1
1785783600000,73.97,74.16,73.93,73.98,5863.0,5863.46,434166.9334,1
1785787200000,73.98,74.11,73.75,73.83,7239.0,7239.03,535073.7949,1
1785790800000,73.84,73.85,73.65,73.69,4009.0,4009.14,295594.07,1
1785794400000,73.69,73.7,73.33,73.51,12926.0,12926.67,949962.3613,1
1785798000000,73.51,73.54,73.37,73.53,3958.0,3958.13,290671.8841,1
1785801600000,73.48,73.6,73.01,73.04,8407.0,8407.74,616000.714,1
1785805200000,73.04,73.75,73.02,73.72,7091.0,7091.84,520837.1267,1
1785808800000,73.76,74.07,73.66,73.85,7331.0,7331.92,541597.5311,1
1785812400000,73.87,73.87,73.46,73.66,5464.0,5464.84,402404.013,1
1785816000000,73.66,74.07,73.57,73.8,20535.0,20535.3,1516900.5087,1
1785819600000,73.81,73.85,73.67,73.72,2607.0,2607.5,192234.7882,1
1785823200000,73.72,73.88,73.37,73.39,8102.0,8102.67,597097.0921,1
1785826800000,73.39,73.71,73.17,73.66,8791.0,8791.7,645191.5439,1
1785830400000,73.66,73.72,73.27,73.34,2716.0,2716.84,199487.2827,1
1785834000000,73.33,73.33,73.14,73.26,5194.0,5194.87,380427.5362,1
1785837600000,73.27,73.66,73.07,73.58,15898.0,15898.8,1164418.6255,1
1785841200000,73.62,73.94,73.51,73.93,9409.0,9409.77,693392.7876,1
1785844800000,73.91,74.04,73.72,73.78,21955.0,21955.11,1621585.8316,1
1785848400000,73.77,74.01,73.55,73.6,31044.0,31044.24,2291434.9188,1
1785852000000,73.62,73.9,73.29,73.82,29476.0,29476.89,2168742.8851,1
1785855600000,73.82,74.18,73.37,73.94,28335.0,28335.78,2092351.3852,1
1785859200000,73.97,73.98,73.58,73.71,15659.0,15659.68,1155545.2296,1
1785862800000,73.71,74.22,73.69,73.74,23176.0,23176.43,1714699.5355,1
1785866400000,73.74,74.38,73.74,74.1,53416.0,53416.7,3961471.929,1
1785870000000,74.1,74.36,74.08,74.15,18971.0,18971.73,1408206.0563,1
1785873600000,74.14,74.43,73.85,74.25,14481.0,14481.31,1074705.7458,1
1785877200000,74.25,74.25,73.99,74.1,2837.0,2837.09,210185.5202,1
1785880800000,74.08,74.19,73.94,74.07,1982.0,1982.89,146865.5887,1
1785884400000,74.08,74.24,73.7,73.72,3444.0,3444.84,254616.6209,1
1785888000000,73.71,73.76,73.43,73.47,4644.0,4644.93,341937.7057,1
1785891600000,73.47,74.08,73.35,74.08,10882.0,10882.29,801783.0382,1
1785895200000,74.08,74.46,74.04,74.18,11580.0,11580.13,859610.8642,1
1785898800000,74.18,74.28,73.67,73.75,5119.0,5119.37,378624.2132,1
1785902400000,73.75,73.81,73.6,73.75,1907.0,1907.94,140658.6135,1
1785906000000,73.72,74.27,73.72,74.14,10148.0,10148.83,751037.5579,1
1785909600000,74.11,74.22,73.94,73.97,3069.0,3069.48,227285.6656,1
1785913200000,73.97,74.01,73.65,73.93,18692.0,18692.33,1378565.1584,1
1785916800000,73.94,74.13,73.92,74.04,16841.0,16841.05,1246781.4544,1
1785920400000,74.04,74.17,73.98,73.99,7516.0,7516.59,556916.9942,1
1785924000000,73.97,74.09,73.77,73.81,4279.0,4279.96,316364.907,1
1785927600000,73.8,73.97,73.69,73.73,8287.0,8287.1,611511.0025,1
1785931200000,73.73,74.35,73.69,74.08,13152.0,13152.53,974108.9281,1
1785934800000,74.03,74.07,73.21,73.95,33134.0,33134.83,2439980.2623,1
1785938400000,73.9,74.1,73.59,73.93,12438.0,12438.23,918201.466,1
1785942000000,73.93,74.27,73.82,73.92,12746.0,12746.22,944094.1789,1
1785945600000,73.92,74.4,73.9,74.24,18663.0,18663.46,1386258.4608,1
1785949200000,74.26,74.63,74.1,74.54,14555.0,14555.08,1084525.4387,1
1785952800000,74.52,74.8,74.42,74.49,19105.0,19105.51,1424628.2256,1
1785956400000,74.48,74.59,74.39,74.43,5637.0,5637.89,419839.3692,1
1785960000000,74.43,74.54,74.29,74.35,29457.0,29457.99,2191957.5298,1
1785963600000,74.35,74.35,74.03,74.11,13994.0,13994.51,1037618.4924,1
1785967200000,74.11,74.15,73.95,73.96,10606.0,10606.48,785366.4138,1
1785970800000,73.94,74.07,73.81,73.99,3458.0,3458.39,255706.0844,1
1785974400000,74.0,74.22,73.99,74.05,2206.0,2206.53,163499.2214,1
1785978000000,74.03,74.08,73.68,73.73,5520.0,5520.05,407836.699,1
1785981600000,73.71,73.74,73.33,73.48,6026.0,6026.11,442829.6856,1
1785985200000,73.48,73.55,73.39,73.44,2837.0,2837.6,208471.9819,1
1785988800000,73.44,73.83,73.35,73.8,9437.0,9437.62,695333.0333,1
1785992400000,73.81,74.33,73.81,74.19,10114.0,10114.74,750115.8877,1
1785996000000,74.2,74.21,73.92,74.01,6263.0,6263.09,463757.2465,1
1785999600000,74.01,74.07,73.83,73.84,3932.0,3932.02,290864.4504,1
1786003200000,73.84,74.04,73.67,73.96,2992.0,2992.3,220939.461,1
1786006800000,73.96,73.96,73.15,73.26,20441.0,20441.84,1500830.2022,1
1786010400000,73.23,73.4,73.13,73.26,11239.0,11239.79,823161.6081,1
1786014000000,73.28,73.52,73.14,73.42,17767.0,17767.5,1304676.2796,1
1786017600000,73.4,73.43,73.08,73.1,10560.0,10560.16,773535.3048,1
1786021200000,73.09,73.29,72.81,73.19,34304.0,34304.52,2505706.8766,1
1786024800000,73.2,73.55,73.07,73.45,21044.0,21044.25,1541661.7132,1
1786028400000,73.43,73.59,73.26,73.27,18391.0,18391.3,1350138.9646,1
1786032000000,73.28,73.45,73.05,73.41,14099.0,14099.86,1033063.5357,1
1786035600000,73.4,73.51,73.02,73.16,6309.0,6309.22,462109.2214,1
1786039200000,73.16,73.18,72.67,72.78,17881.0,17881.37,1303689.3681,1
1786042800000,72.8,72.9,72.5,72.75,14171.0,14171.09,1030507.0057,1
1786046400000,72.76,72.94,72.76,72.81,6774.0,6774.55,493597.0753,1
1786050000000,72.81,72.95,72.75,72.83,4317.0,4317.77,314665.017,1
1786053600000,72.82,72.84,72.61,72.64,4456.0,4456.2,323909.5136,1
1786057200000,72.65,72.71,72.3,72.64,10854.0,10854.35,786712.8855,1
1786060800000,72.63,72.76,72.52,72.63,13162.0,13162.14,956146.8487,1
1786064400000,72.64,72.84,72.54,72.7,7649.0,7649.97,556147.9698,1
1786068000000,72.7,72.9,72.45,72.67,7823.0,7823.05,568862.9755,1
1786071600000,72.67,72.73,72.49,72.58,5853.0,5853.31,425117.847,1
1786075200000,72.57,72.76,72.45,72.63,8444.0,8444.82,613370.7911,1
1786078800000,72.62,72.92,72.39,72.83,9620.0,9620.73,699948.2461,1
1786082400000,72.83,73.04,72.78,72.8,9046.0,9046.51,659961.0722,1
1786086000000,72.79,72.99,72.71,72.9,5862.0,5862.22,426968.5284,1
1786089600000,72.9,73.3,72.88,73.16,13353.0,13353.2,976131.3582,1
1786093200000,73.16,73.7,73.16,73.6,23120.0,23120.2,1700454.6311,1
1786096800000,73.61,73.72,73.47,73.51,6424.0,6424.88,472497.2933,1
1786100400000,73.51,73.75,73.5,73.61,13205.0,13205.66,972041.2553,1
1786104000000,73.61,74.31,73.6,73.87,90265.0,90265.47,6665164.1181,1
1786107600000,73.87,74.32,73.76,74.1,22556.0,22556.65,1669711.7291,1
1786111200000,74.11,74.2,73.55,73.67,21530.0,21530.36,1590043.5249,1
1786114800000,73.67,73.95,73.66,73.86,12097.0,12097.23,892335.3051,1
1786118400000,73.86,74.08,73.54,73.54,29610.0,29610.2,2188489.3506,1
1786122000000,73.54,73.55,73.15,73.38,24073.0,24073.54,1765733.1877,1
1786125600000,73.38,73.55,73.24,73.36,12790.0,12790.44,938333.2183,1
1786129200000,73.39,74.0,73.37,73.97,16047.0,16047.77,1183510.4389,1
1786132800000,73.97,74.06,73.76,73.77,18904.0,18904.78,1397274.5224,1
1786136400000,73.79,73.86,73.57,73.62,21398.0,21398.17,1575452.6225,1
1786140000000,73.6,73.7,73.55,73.61,18244.0,18244.54,1342294.085,1
1786143600000,73.61,73.75,73.58,73.63,2270.0,2270.62,167219.7211,1
1786147200000,73.61,73.69,73.55,73.68,3259.0,3259.95,240040.1449,1
1786150800000,73.68,73.93,73.64,73.87,7026.0,7026.55,518862.3648,1
1786154400000,73.87,73.94,73.82,73.84,5429.0,5429.26,401182.4136,1
1786158000000,73.84,74.99,73.84,74.82,30070.0,30070.54,2239511.2558,1
1786161600000,74.85,75.11,74.56,74.61,26727.0,26727.75,2000513.9541,1
1786165200000,74.61,74.72,74.47,74.63,6966.0,6966.92,519395.6761,1
1786168800000,74.63,74.77,74.54,74.68,20607.0,20607.61,1538376.9762,1
1786172400000,74.68,74.78,74.65,74.77,9030.0,9030.5,674511.2571,1
1786176000000,74.77,74.9,74.67,74.77,6999.0,6999.25,523375.4126,1
1786179600000,74.77,75.0,74.77,74.85,6338.0,6338.78,474469.5167,1
1786183200000,74.85,75.15,74.85,75.05,3688.0,3688.96,276500.5391,1
1786186800000,75.05,75.68,75.04,75.57,24058.0,24058.8,1813523.3283,1
1786190400000,75.58,75.65,75.33,75.42,14313.0,14313.79,1080373.2175,1
1786194000000,75.42,75.53,75.4,75.51,12182.0,12182.08,919365.1657,1
1786197600000,75.51,76.59,75.51,76.48,66090.0,66090.1,5024160.5309,1
1786201200000,76.5,76.79,76.22,76.37,38825.0,38825.17,2970322.6364,1
1786204800000,76.38,76.47,76.14,76.36,27476.0,27476.93,2097160.1055,1
1786208400000,76.36,76.47,76.24,76.36,30246.0,30246.22,2310146.7113,1
1786212000000,76.37,76.37,76.06,76.12,142818.0,142818.15,10886147.5286,1
1786215600000,76.12,76.25,75.95,76.15,25820.0,25820.86,1964819.5315,1
1786219200000,76.13,76.25,76.12,76.24,4911.0,4911.31,374160.9764,1
1786222800000,76.24,76.35,76.15,76.19,6953.0,6953.49,530102.0987,1
1786226400000,76.2,76.27,75.82,75.89,37640.0,37640.32,2861345.1539,1
1786230000000,75.9,76.07,75.77,75.99,26605.0,26605.15,2020174.6372,1
1786233600000,75.99,76.03,75.83,76.0,43582.0,43582.34,3309047.3382,1
1786237200000,76.0,76.06,75.74,75.86,20048.0,20048.04,1520769.1263,1
1786240800000,75.85,75.98,75.78,75.86,34690.0,34690.73,2633159.5464,1
1786244400000,75.83,76.03,75.75,75.97,27265.0,27265.79,2069817.1023,1
1786248000000,75.97,76.11,75.94,75.97,28721.0,28721.15,2182660.1661,1
1786251600000,75.94,76.0,75.87,75.98,19874.0,19874.93,1509335.6595,1
1786255200000,75.98,76.48,75.94,76.4,23574.0,23574.74,1799056.7058,1
1786258800000,76.4,76.44,76.22,76.31,18566.0,18566.86,1417729.422,1
1786262400000,76.32,76.57,76.09,76.29,9183.0,9183.95,701091.7433,1
1786266000000,76.29,76.48,76.23,76.41,4259.0,4259.49,325389.12,1
1786269600000,76.41,76.63,76.36,76.37,6673.0,6673.76,510423.5478,1
1786273200000,76.36,76.51,76.35,76.5,6336.0,6336.47,484493.0418,1
1786276800000,76.5,76.56,76.27,76.37,6710.0,6710.2,512560.1381,1
1786280400000,76.33,76.85,76.33,76.54,27381.0,27381.8,2098721.4962,1
1786284000000,76.54,77.07,76.54,77.0,64684.0,64684.78,4966121.2808,1
1786287600000,77.0,77.45,76.84,77.41,59761.0,59761.85,4607828.4092,1
1786291200000,77.43,77.55,77.07,77.31,30868.0,30868.8,2385516.2643,1
1786294800000,77.31,77.31,77.11,77.16,12858.0,12858.79,993582.9181,1
1786298400000,77.16,77.24,77.06,77.19,5363.0,5363.61,413918.9945,1
1786302000000,77.19,77.35,77.12,77.21,19223.0,19223.14,1483434.447,1
1786305600000,77.21,77.25,77.05,77.25,9135.0,9135.31,705170.7307,1
1786309200000,77.25,77.48,77.14,77.34,43190.0,43190.25,3340977.2494,1
1786312800000,77.37,77.81,76.62,76.79,93545.0,93545.02,7225116.0855,1
1786316400000,76.78,76.89,76.17,76.22,55093.0,55093.49,4212627.4576,1
1786320000000,76.22,77.0,76.17,76.49,16526.0,16526.12,1266227.6081,1
1786323600000,76.52,77.15,76.38,76.86,19284.0,19284.13,1481856.8416,1
1786327200000,76.88,76.9,76.42,76.78,35809.0,35809.63,2742616.9158,1
1786330800000,76.79,76.9,76.33,76.6,16282.0,16282.51,1248258.0572,1
1786334400000,76.59,76.71,76.41,76.51,3973.0,3973.89,304270.7199,1
1786338000000,76.51,76.92,76.51,76.85,16124.0,16124.34,1235275.2572,1
1786341600000,76.85,77.03,76.78,76.93,7687.0,7687.55,591149.0319,1
1786345200000,76.93,77.07,76.8,76.95,7050.0,7050.69,542628.4327,1
1786348800000,76.95,77.1,76.65,76.92,11412.0,11412.01,877153.851,1
1786352400000,76.9,76.97,76.53,76.53,6737.0,6737.85,516878.1722,1
1786356000000,76.52,76.84,76.51,76.78,10070.0,10070.98,772090.6404,1
1786359600000,76.78,77.02,76.64,77.01,8681.0,8681.75,667267.4674,1
1786363200000,77.01,77.09,76.57,76.61,22992.0,22992.07,1765580.8446,1
1786366800000,76.61,76.74,76.11,76.28,37813.0,37813.54,2889165.3457,1
1786370400000,76.27,76.67,76.22,76.23,35151.0,35151.31,2691878.5755,1
1786374000000,76.23,76.39,75.81,75.93,27529.0,27529.4,2091597.099,1
1786377600000,75.9,76.08,75.55,75.67,30381.0,30381.46,2302324.8203,1
1786381200000,75.71,76.08,75.58,75.96,27408.0,27408.25,2078136.8941,1
1786384800000,75.96,76.05,75.68,75.79,14940.0,14940.49,1134495.2574,1
1786388400000,75.78,76.26,75.78,76.17,13066.0,13066.86,994825.0717,1
1786392000000,76.18,76.47,76.16,76.43,8399.0,8399.06,640925.1477,1
1786395600000,76.43,76.46,76.26,76.27,27205.0,27205.82,2076400.8707,1
1786399200000,76.27,76.35,76.01,76.18,7061.0,7061.68,537786.7441,1
1786402800000,76.18,76.18,75.94,75.96,6009.0,6009.06,456914.1844,1
1786406400000,75.94,76.01,75.75,75.87,6410.0,6410.17,486428.8181,1
1786410000000,75.86,76.06,75.69,76.06,4935.0,4935.62,374370.6402,1
1786413600000,76.05,76.1,75.94,76.0,3256.0,3256.02,247634.4571,1
1786417200000,76.0,76.2,76.0,76.04,4146.0,4146.0,315659.4924,1
1786420800000,76.04,76.19,76.03,76.06,4107.0,4107.09,312628.5366,1
1786424400000,76.06,76.06,75.75,75.76,15235.0,15235.05,1155687.4276,1
1786428000000,75.76,75.98,75.64,75.77,7408.0,7408.48,561348.7449,1
1786431600000,75.77,75.83,75.38,75.66,10804.0,10804.73,815812.9873,1
1786435200000,75.67,75.93,75.59,75.89,12233.0,12233.76,926267.2604,1
1786438800000,75.9,75.91,75.63,75.83,31255.0,31255.23,2368133.369,1
1786442400000,75.84,76.02,75.74,75.91,9964.0,9964.36,756196.3203,1
1786446000000,75.91,76.33,75.91,76.16,20524.0,20524.09,1562720.853,1
1786449600000,76.18,76.2,75.77,75.84,30743.0,30743.98,2333405.3398,1
1786453200000,75.84,76.06,75.69,75.98,24340.0,24340.65,1846883.16,1
1786456800000,75.98,76.11,75.05,75.17,32684.0,32684.16,2467549.3538,1
1786460400000,75.15,75.38,74.58,74.89,50689.0,50689.3,3797128.3962,1
1786464000000,74.87,75.03,74.73,74.9,17087.0,17087.53,1280135.5621,1
1786467600000,74.89,75.16,74.89,75.13,8786.0,8786.51,659316.7408,1
1786471200000,75.1,75.3,75.07,75.19,17368.0,17368.26,1306586.2238,1
1786474800000,75.19,75.67,75.02,75.64,19054.0,19054.09,1437333.5617,1
1786478400000,75.64,76.24,75.64,76.01,54288.0,54288.17,4127234.294,1
1786482000000,76.01,76.39,75.99,76.39,16449.0,16449.9,1251725.9477,1
1786485600000,76.4,76.64,76.21,76.37,47180.0,47180.62,3604937.4781,1
1786489200000,76.37,76.37,76.16,76.26,28227.0,28227.71,2152031.3399,1
1786492800000,76.25,76.34,76.19,76.34,2765.0,2765.81,210916.3263,1
1786496400000,76.34,76.56,76.26,76.4,8050.0,8050.99,614966.2163,1
1786500000000,76.4,76.57,76.39,76.41,9697.0,9697.18,741350.3692,1
1786503600000,76.41,76.5,76.23,76.38,11300.0,11300.29,863174.2139,1
1786507200000,76.38,76.54,76.24,76.27,16662.0,16662.55,1272855.1334,1
1786510800000,76.27,76.35,76.16,76.29,8710.0,8710.39,664423.1919,1
1786514400000,76.27,76.33,75.94,76.02,9170.0,9170.92,697980.8119,1
1786518000000,76.01,76.25,75.92,76.24,14440.0,14440.3,1098074.0591,1
1786521600000,76.23,76.43,76.13,76.14,12832.0,12832.29,978763.5064,1
1786525200000,76.14,76.86,76.1,76.71,15792.0,15792.52,1210681.2388,1
1786528800000,76.71,76.84,76.63,76.72,7324.0,7324.37,562070.002,1
1786532400000,76.74,76.82,76.65,76.8,7911.0,7911.5,607181.6266,1
1786536000000,76.81,77.3,76.32,76.59,72066.0,72066.36,5531243.9478,1
1786539600000,76.59,76.63,76.01,76.21,26932.0,26932.34,2057175.6457,1
1786543200000,76.17,76.19,75.36,75.43,29398.0,29398.09,2226429.3536,1
1786546800000,75.42,75.82,75.33,75.71,23147.0,23147.41,1751388.2785,1
1786550400000,75.72,75.81,75.52,75.64,5181.0,5181.46,392144.4847,1
1786554000000,75.64,76.03,75.63,75.86,38316.0,38316.47,2905839.3918,1
1786557600000,75.86,76.05,75.8,75.86,7010.0,7010.28,532391.1982,1
1786561200000,75.86,75.97,75.55,75.72,12280.0,12280.65,930981.6482,1
1786564800000,75.72,75.97,75.72,75.89,5706.0,5706.39,432928.0104,1
1786568400000,75.89,75.96,75.39,75.43,13461.0,13461.09,1017582.6789,1
1786572000000,75.43,75.62,75.27,75.48,21132.0,21132.15,1593036.2718,1
1786575600000,75.47,75.6,75.35,75.58,2970.0,2970.9,224290.9696,1
1786579200000,75.56,75.83,75.53,75.6,12855.0,12855.33,972927.3364,1
1786582800000,75.58,75.76,75.45,75.6,3297.0,3297.12,249299.9699,1
1786586400000,75.6,75.94,75.5,75.94,4583.0,4583.11,347067.3287,1
1786590000000,75.94,76.29,75.92,76.22,38663.0,38663.41,2941471.5958,1
1786593600000,76.22,76.24,75.99,76.1,8160.0,8160.94,621167.4264,1
1786597200000,76.1,76.58,76.05,76.47,35594.0,35594.94,2717759.0868,1
1786600800000,76.47,76.51,76.29,76.48,10246.0,10246.88,782787.9147,1
1786604400000,76.48,76.51,76.36,76.4,1056.0,1056.55,80741.5113,1
1786608000000,76.42,76.44,76.15,76.18,3191.0,3191.61,243334.5495,1
1786611600000,76.18,76.18,75.86,76.13,25551.0,25551.85,1942099.0545,1
1786615200000,76.13,76.13,75.65,75.71,21124.0,21124.67,1601003.6799,1
1786618800000,75.71,75.71,75.51,75.6,6530.0,6530.69,493703.4794,1
1786622400000,75.6,76.1,75.59,76.09,12114.0,12114.96,919362.5725,1
1786626000000,76.09,76.33,76.01,76.16,9276.0,9276.82,706493.7545,1
1786629600000,76.16,76.56,76.1,76.44,13024.0,13024.66,994200.2404,1
1786633200000,76.43,76.5,75.59,75.61,21982.0,21982.33,1672581.0663,1
1786636800000,75.6,75.84,75.05,75.55,34864.0,34864.93,2632686.2319,1
1786640400000,75.54,75.91,75.52,75.74,12922.0,12922.54,978972.8316,1
1786644000000,75.73,76.07,75.64,75.97,8513.0,8513.86,646259.7685,1
1786647600000,75.98,76.25,75.95,76.15,6977.0,6977.07,531148.487,1
1786651200000,76.14,76.3,76.11,76.18,2949.0,2949.95,224835.981,1
1786654800000,76.19,76.27,76.08,76.17,6568.0,6568.49,500390.6868,1
1786658400000,76.2,76.41,76.17,76.21,10737.0,10737.13,819810.0763,1
1786662000000,76.21,76.27,76.1,76.23,3767.0,3767.65,286962.3695,1
1786665600000,76.23,76.28,75.96,76.05,4682.0,4682.08,356065.9417,1
1786669200000,76.03,76.13,75.89,76.06,5201.0,5201.75,395401.8932,1
1786672800000,76.06,76.17,75.96,76.0,3523.0,3523.8,268083.2457,1
1786676400000,75.99,76.03,75.71,75.72,6479.0,6479.79,491285.5906,1
1786680000000,75.72,75.99,75.7,75.81,5570.0,5570.62,422599.0364,1
1786683600000,75.81,75.95,75.76,75.88,3337.0,3337.49,253165.9502,1
1786687200000,75.88,75.88,75.5,75.5,8764.0,8764.81,662667.3257,1
1786690800000,75.47,75.69,75.46,75.54,8979.0,8979.93,678156.4137,1
1786694400000,75.54,75.83,75.53,75.81,6162.0,6162.79,466238.2343,1
1786698000000,75.82,75.83,75.39,75.44,13724.0,13724.39,1037002.5735,1
1786701600000,75.44,75.61,75.32,75.34,7724.0,7724.21,582819.2932,1
1786705200000,75.35,75.55,75.34,75.49,9641.0,9641.19,727484.8104,1
1786708800000,75.48,75.56,75.29,75.42,3621.0,3621.47,273157.6017,1
1786712400000,75.42,75.44,75.21,75.3,18286.0,18286.3,1377382.1988,1
1786716000000,75.33,75.37,75.03,75.23,23370.0,23370.26,1758365.7449,1
1786719600000,75.21,75.72,75.15,75.63,22801.0,22801.81,1722401.1037,1
1786723200000,75.6,75.65,75.41,75.41,13662.0,13662.37,1031978.7704,1
1786726800000,75.41,75.62,75.11,75.23,22042.0,22042.71,1662047.9434,1
1786730400000,75.24,75.25,74.88,74.91,19135.0,19135.79,1435496.7593,1
1786734000000,74.91,75.04,74.61,74.96,16164.0,16164.81,1208984.7134,1
1786737600000,74.95,75.2,74.93,75.09,8666.0,8666.17,651000.3137,1
1786741200000,75.11,75.19,75.05,75.14,8431.0,8431.59,633412.4731,1
1786744800000,75.14,75.24,74.93,75.15,4374.0,4374.16,328217.2837,1
1786748400000,75.15,75.38,75.12,75.35,8969.0,8969.39,674910.4524,1
1786752000000,75.35,75.39,75.3,75.31,1876.0,1876.77,141399.5747,1
1786755600000,75.33,75.43,75.26,75.39,3297.0,3297.17,248467.7994,1
1786759200000,75.39,75.63,75.35,75.62,8586.0,8586.9,648180.4241,1
1786762800000,75.62,75.67,75.39,75.39,6585.0,6585.1,497770.4144,1
1786766400000,75.39,75.57,75.35,75.49,3385.0,3385.9,255621.2168,1
1786770000000,75.49,75.54,75.27,75.31,3421.0,3421.36,257792.0205,1
1786773600000,75.31,75.45,75.26,75.4,709.0,709.63,53456.5512,1
1786777200000,75.38,75.38,75.19,75.19,3284.0,3284.73,247164.9947,1
1786780800000,75.19,75.27,75.03,75.05,5724.0,5724.61,430027.7302,1
1786784400000,75.06,75.2,75.01,75.19,2991.0,2991.03,224545.4411,1
1786788000000,75.19,75.31,75.16,75.25,2078.0,2078.5,156424.3656,1
1786791600000,75.25,75.26,75.17,75.22,770.0,770.56,57965.9988,1
1786795200000,75.22,75.38,75.16,75.38,5413.0,5413.28,407172.2016,1
1786798800000,75.38,75.53,75.36,75.52,9841.0,9841.48,742496.7411,1
1786802400000,75.52,75.53,75.4,75.41,8471.0,8471.79,639189.8185,1
1786806000000,75.41,75.49,75.34,75.48,4148.0,4148.66,312885.1959,1
1786809600000,75.48,75.49,75.38,75.44,2874.0,2874.95,216840.5185,1
1786813200000,75.44,75.64,75.44,75.62,5471.0,5471.95,413601.7234,1
1786816800000,75.62,75.63,75.46,75.52,7160.0,7160.82,541185.2726,1
1786820400000,75.52,75.53,75.48,75.52,2163.0,2163.26,163309.724,1
1786824000000,75.52,75.52,75.37,75.49,3885.0,3885.44,293181.1762,1
1786827600000,75.49,75.69,75.49,75.58,8983.0,8983.92,679544.1747,1
1786831200000,75.58,75.64,75.51,75.55,31665.0,31665.89,2393334.2767,1
1786834800000,75.55,75.55,75.28,75.31,16691.0,16691.0,1257563.2163,1
1786838400000,75.29,75.46,75.23,75.44,5831.0,5831.32,439373.2973,1
1786842000000,75.43,75.45,75.28,75.4,3344.0,3344.51,252063.4611,1
1786845600000,75.36,75.62,75.23,75.53,4869.0,4869.49,367261.5048,1
1786849200000,75.54,75.61,75.53,75.55,1757.0,1757.01,132756.458,1
1786852800000,75.55,75.56,75.42,75.42,3367.0,3367.64,254347.6227,1
1786856400000,75.42,75.47,75.3,75.33,2350.0,2350.0,177103.5665,1
1786860000000,75.33,75.48,75.24,75.35,9954.0,9954.43,749737.4743,1
1786863600000,75.35,75.42,75.32,75.42,1960.0,1960.64,147799.5296,1
1786867200000,75.4,75.45,75.36,75.43,1191.0,1191.51,89871.3551,1
1786870800000,75.43,75.43,75.23,75.28,6754.0,6754.25,508496.8049,1
1786874400000,75.28,75.28,75.14,75.23,9331.0,9331.43,701714.7521,1
1786878000000,75.22,75.27,75.18,75.25,3856.0,3856.08,290076.1621,1
1786881600000,75.25,75.25,75.17,75.17,3964.0,3964.72,298128.805,1
1786885200000,75.17,75.37,75.17,75.28,3152.0,3152.55,237406.7309,1
1786888800000,75.28,75.37,75.22,75.36,3958.0,3958.18,298067.9216,1
1786892400000,75.36,75.6,75.34,75.54,10257.0,10257.62,774167.6167,1
1786896000000,75.54,75.67,75.47,75.53,27340.0,27340.96,2065751.3413,1
1786899600000,75.53,75.57,75.23,75.24,17760.0,17760.73,1339572.714,1
1786903200000,75.23,75.27,75.0,75.16,46336.0,46336.17,3482750.856,1
1786906800000,75.14,75.32,75.14,75.19,14553.0,14553.56,1094758.4028,1
1786910400000,75.19,75.28,74.94,74.99,15537.0,15537.98,1166168.6641,1
1786914000000,74.97,75.04,74.01,74.29,41028.0,41028.98,3058164.8177,1
1786917600000,74.28,74.48,74.12,74.46,16816.0,16816.29,1249935.7246,1
1786921200000,74.45,74.62,74.43,74.57,5835.0,5835.86,434912.4524,1
1786924800000,74.56,74.7,74.39,74.57,6060.0,6060.93,451737.833,1
1786928400000,74.58,75.32,74.55,75.05,20041.0,20041.85,1503701.938,1
1786932000000,75.07,75.55,75.02,75.45,14594.0,14594.55,1098595.9796,1
1786935600000,75.46,75.54,75.42,75.48,16287.0,16287.55,1229250.9247,1
1786939200000,75.49,75.58,75.45,75.52,30127.0,30127.37,2273972.178,1
1786942800000,75.52,75.58,75.38,75.38,3490.0,3490.9,263365.8344,1
1786946400000,75.38,75.99,75.33,75.81,17313.0,17313.03,1311291.5137,1
1786950000000,75.86,75.92,75.71,75.73,4348.0,4348.56,329678.3559,1
1786953600000,75.77,75.77,75.15,75.19,11947.0,11947.69,899970.2314,1
1786957200000,75.19,75.38,75.19,75.31,18902.0,18902.39,1422893.3753,1
1786960800000,75.31,75.77,75.28,75.74,17505.0,17505.93,1322702.0436,1
1786964400000,75.74,75.89,75.63,75.65,11969.0,11969.68,906974.5806,1
1786968000000,75.65,75.67,75.31,75.39,13946.0,13946.42,1052479.7049,1
1786971600000,75.39,75.73,75.25,75.57,33841.0,33841.93,2553866.4514,1
1786975200000,75.57,76.0,75.46,75.93,17824.0,17824.61,1348871.7567,1
1786978800000,75.96,76.18,75.77,76.05,16849.0,16849.59,1279715.1755,1
1786982400000,76.07,76.09,75.88,75.96,13033.0,13033.02,990342.9339,1
1786986000000,75.98,76.08,75.67,75.88,17133.0,17133.62,1299634.2214,1
1786989600000,75.85,76.12,75.82,75.86,17206.0,17206.94,1306835.4615,1
1786993200000,75.86,75.91,75.71,75.75,6869.0,6869.09,520694.6853,1
1786996800000,75.76,76.06,75.59,75.97,11221.0,11221.74,850597.6976,1
1787000400000,75.97,76.02,75.86,75.92,6198.0,6198.32,470494.9916,1
1787004000000,75.95,75.98,75.68,75.7,6420.0,6420.41,486293.2325,1
1787007600000,75.7,76.07,75.67,75.98,13313.0,13313.45,1010697.6463,1
1787011200000,75.98,76.05,75.82,75.99,12039.0,12039.61,914446.8286,1
1787014800000,76.01,76.02,75.53,75.55,15869.0,15869.49,1203240.6433,1
1787018400000,75.57,75.62,75.17,75.24,30291.0,30291.21,2281740.8919,1
1787022000000,75.25,75.49,75.24,75.45,5922.0,5922.23,446488.0701,1
1787025600000,75.45,75.79,75.38,75.78,4132.0,4132.56,312621.3769,1
1787029200000,75.78,75.92,75.55,75.71,17416.0,17416.32,1319264.9117,1
1787032800000,75.7,76.0,75.62,75.98,7668.0,7668.32,581915.5228,1
1787036400000,75.97,76.24,75.93,76.04,10705.0,10705.78,814565.2678,1
1787040000000,76.05,76.15,75.81,76.12,9664.0,9664.63,734383.8438,1
1787043600000,76.11,76.11,75.85,75.9,6484.0,6484.74,492594.8126,1
1787047200000,75.9,75.95,75.78,75.81,1935.0,1935.63,146764.6343,1
1787050800000,75.78,76.43,75.78,76.29,9425.0,9425.28,718928.8123,1
1787054400000,76.32,76.49,76.21,76.21,11629.0,11629.19,887304.6076,1
1787058000000,76.2,76.23,76.0,76.17,15670.0,15670.22,1192346.7965,1
1787061600000,76.18,77.31,76.11,76.76,98945.0,98945.86,7603048.4475,1
1787065200000,76.82,77.2,76.77,77.16,16918.0,16918.28,1302699.3568,1
1787068800000,77.17,77.3,76.82,77.03,10062.0,10062.65,775051.9208,1
1787072400000,77.04,77.06,76.85,76.86,4196.0,4196.19,322768.8479,1
1787076000000,76.86,77.28,76.86,77.25,36519.0,36519.72,2819104.721,1
1787079600000,77.23,77.38,77.04,77.12,13848.0,13848.01,1069772.6488,1
1787083200000,77.15,77.19,76.71,76.87,17943.0,17943.25,1380859.0165,1
1787086800000,76.85,77.08,76.85,76.96,22581.0,22581.39,1737074.2712,1
1787090400000,76.95,77.16,76.85,76.94,12435.0,12435.59,959077.8244,1
1787094000000,76.94,77.2,76.92,77.02,4655.0,4655.99,358880.4208,1
1787097600000,77.02,77.05,76.8,76.9,10548.0,10548.5,811438.4715,1
1787101200000,76.89,77.03,76.67,76.76,5611.0,5611.13,431032.2728,1
1787104800000,76.76,76.88,76.67,76.78,3074.0,3074.78,236098.5499,1
1787108400000,76.78,77.06,76.68,76.95,17538.0,17538.69,1349886.4134,1
1787112000000,76.95,77.11,76.76,76.83,12808.0,12808.72,986104.6978,1
1787115600000,76.83,77.02,76.73,76.76,1623.0,1623.98,124857.1953,1
1787119200000,76.77,77.15,76.59,77.04,6443.0,6443.89,494755.4264,1
1787122800000,77.04,77.04,76.91,76.92,2760.0,2760.34,212520.332,1
1787126400000,76.91,77.63,76.88,77.35,9789.0,9789.73,757697.9932,1
1787130000000,77.35,77.46,77.18,77.27,2589.0,2589.64,200217.3711,1
1787133600000,77.27,77.34,77.19,77.34,1798.0,1798.63,138943.0637,1
1787137200000,77.34,77.57,77.33,77.5,33109.0,33109.93,2566161.5711,1
1787140800000,77.5,78.75,77.39,78.36,67486.0,67486.13,5275762.1529,1
1787144400000,78.36,78.64,78.14,78.36,23209.0,23209.09,1819392.0927,1
1787148000000,78.37,80.98,78.33,80.82,125923.0,125923.03,10038701.0225,1
1787151600000,80.87,82.89,80.66,81.8,185823.0,185823.98,15171473.7994,1
1787155200000,81.82,82.33,81.52,81.56,33540.0,33540.43,2748642.0082,1
1787158800000,81.55,81.7,80.97,81.62,35179.0,35179.33,2860160.2362,1
1787162400000,81.66,82.28,81.25,82.24,19537.0,19537.85,1597613.728,1
1787166000000,82.22,82.46,81.99,82.33,29367.0,29367.41,2416164.8964,1
1787169600000,82.36,84.33,82.26,83.7,58979.0,58979.68,4905624.5577,1
1787173200000,83.71,87.27,83.7,86.61,125443.0,125443.27,10798605.7855,1
1787176800000,86.62,86.81,84.91,85.48,28996.0,28996.11,2484829.23,1
1787180400000,85.47,85.75,85.03,85.37,10519.0,10519.8,898186.41,1
1787184000000,85.36,85.78,84.9,85.0,14128.0,14128.39,1207315.3432,1
1787187600000,84.99,85.39,84.64,85.36,11932.0,11932.94,1014218.5718,1
1787191200000,85.34,85.41,84.68,84.75,4074.0,4074.22,346555.5621,1
1787194800000,84.76,84.76,83.99,84.49,15852.0,15852.37,1336861.548,1
1787198400000,84.49,84.95,84.41,84.83,4993.0,4993.53,422893.5877,1
1787202000000,84.83,85.06,84.8,84.93,9511.0,9511.02,808162.1495,1
1787205600000,84.94,85.92,84.7,85.9,15992.0,15992.07,1363667.3992,1
1787209200000,85.89,86.19,85.77,86.15,7542.0,7542.23,648439.3899,1
1787212800000,86.15,87.96,86.05,87.51,34432.0,34432.75,3006998.5095,1
1787216400000,87.51,87.8,87.08,87.35,32263.0,32263.0,2819890.0349,1
1787220000000,87.32,87.8,86.97,87.45,17103.0,17103.17,1494549.3081,1
1787223600000,87.44,88.12,87.07,87.18,28743.0,28743.58,2522497.6136,1
1787227200000,87.19,87.39,86.52,87.06,25374.0,25374.98,2204510.5571,1
1787230800000,87.06,87.48,86.17,86.54,37871.0,37871.39,3290732.4092,1
1787234400000,86.54,86.84,86.14,86.6,21873.0,21873.06,1892289.6871,1
1787238000000,86.59,87.44,86.54,87.34,19398.0,19398.97,1688204.9191,1
1787241600000,87.34,87.83,86.84,87.72,22080.0,22080.08,1930466.6005,1
1787245200000,87.72,87.89,87.28,87.47,9881.0,9881.08,865256.525,1
1787248800000,87.46,87.64,86.64,86.83,36645.0,36645.88,3190020.978,1
1787252400000,86.84,87.5,86.82,87.28,28949.0,28949.29,2521799.8779,1
1787256000000,87.27,87.67,87.23,87.56,7099.0,7099.63,621046.8438,1
1787259600000,87.56,87.84,87.4,87.47,12580.0,12580.14,1102060.9674,1
1787263200000,87.49,87.59,87.18,87.22,17152.0,17152.34,1499487.0216,1
1787266800000,87.22,87.99,87.21,87.65,18143.0,18143.56,1591261.5088,1
1787270400000,87.63,88.77,87.55,88.24,51893.0,51893.38,4582007.1026,1
1787274000000,88.23,89.47,88.12,88.99,49103.0,49103.45,4364111.009,1
1787277600000,89.01,90.18,88.51,89.25,82711.0,82711.92,7395637.5126,1
1787281200000,89.29,89.55,88.74,89.12,21651.0,21651.48,1932470.3601,1
1787284800000,89.15,89.47,88.87,89.47,12789.0,12789.43,1141161.9921,1
1787288400000,89.44,90.71,89.16,90.4,46814.0,46814.78,4201680.3832,1
1787292000000,90.41,91.31,89.74,90.22,24023.0,24023.71,2172564.7723,1
1787295600000,90.19,91.16,89.95,90.41,23155.0,23155.21,2096319.9497,1
1787299200000,90.41,93.4,90.36,93.29,104250.0,104250.46,9570394.0058,1
1787302800000,93.23,93.33,90.29,91.67,123539.0,123539.72,11314026.4528,1
1787306400000,91.66,91.72,90.85,91.48,15905.0,15905.48,1451960.1807,1
1787310000000,91.46,91.62,89.93,90.3,30729.0,30729.17,2782967.39,1
1787313600000,90.36,91.15,90.05,90.88,65811.0,65811.27,5964057.5261,1
1787317200000,90.88,91.35,89.79,91.05,97041.0,97041.65,8797790.0834,1
1787320800000,91.06,91.97,90.55,91.86,27918.0,27918.51,2545867.9804,1
1787324400000,91.87,92.17,91.23,91.31,25550.0,25550.59,2342315.1089,1
1787328000000,91.38,91.92,90.74,91.61,17160.0,17160.18,1566932.8999,1
1787331600000,91.62,91.99,91.17,91.78,11728.0,11728.73,1075454.7094,1
1787335200000,91.79,92.07,91.08,91.57,35466.0,35466.54,3249063.3057,1
1787338800000,91.56,91.6,90.76,90.96,26848.0,26848.34,2444532.0609,1
1787342400000,90.97,91.95,90.47,91.88,30311.0,30311.03,2777573.2017,1
1787346000000,91.85,93.88,91.67,93.75,61077.0,61077.76,5682207.8193,1
1787349600000,93.75,94.64,93.33,94.28,34107.0,34107.6,3208625.6505,1
1787353200000,94.31,95.0,93.37,93.73,40132.0,40132.61,3778717.1472,1
1787356800000,93.74,94.41,92.87,93.89,25244.0,25244.58,2361469.4174,1
1787360400000,93.88,94.45,93.46,93.72,13732.0,13732.23,1290515.2881,1
1787364000000,93.71,95.8,93.69,95.67,49159.0,49159.66,4673416.3019,1
1787367600000,95.68,97.61,95.51,96.81,57090.0,57090.37,5518855.4312,1
1787371200000,96.82,102.84,96.23,99.15,146860.0,146860.76,14638010.9813,1
1787374800000,99.11,99.98,87.13,94.18,228617.0,228617.23,21368107.5209,1
1787378400000,94.23,95.15,93.08,94.3,60509.0,60509.67,5698358.0015,1
1787382000000,94.29,95.51,94.06,94.41,43548.0,43548.81,4126332.5734,1
1787385600000,94.5,95.0,93.08,94.11,51286.0,51286.94,4825512.3486,1
1787389200000,94.1,94.54,92.98,93.9,27066.0,27066.83,2542903.3978,1
1787392800000,93.93,93.97,91.34,92.92,40767.0,40767.56,3768944.0957,1
1787396400000,92.91,93.57,92.61,93.33,10939.0,10939.2,1018325.1924,1
1787400000000,93.32,94.35,93.18,93.84,25196.0,25196.81,2368430.0294,1
1787403600000,93.87,94.24,93.56,94.14,14048.0,14048.78,1318607.283,1
1787407200000,94.12,94.3,92.94,93.26,15365.0,15365.61,1437702.5537,1
1787410800000,93.27,93.6,92.82,93.1,8958.0,8958.8,835147.2087,1
1787414400000,93.1,94.68,93.1,94.35,18994.0,18994.1,1790729.1725,1
1787418000000,94.34,94.57,93.79,94.27,17237.0,17237.41,1624553.7228,1
1787421600000,94.3,94.55,94.06,94.49,9958.0,9958.16,939119.0612,1
1787425200000,94.45,94.82,94.3,94.5,14848.0,14848.78,1404362.3024,1
1787428800000,94.5,94.78,94.31,94.4,9207.0,9207.15,870117.1394,1
1787432400000,94.36,94.4,92.73,92.82,34383.0,34383.23,3215429.935,1
1787436000000,92.89,94.02,92.61,93.62,12222.0,12222.55,1143029.1327,1
1787439600000,93.64,94.01,93.37,93.84,12584.0,12584.1,1178166.2501,1
1787443200000,93.84,99.26,93.6,96.37,54600.0,54600.51,5221405.6892,1
1787446800000,96.4,96.6,95.7,96.03,29089.0,29089.04,2793179.1478,1
1787450400000,96.07,97.43,93.89,94.9,18734.0,18734.71,1780668.2911,1
1787454000000,94.93,95.05,93.47,93.74,23475.0,23475.35,2210758.3832,1
1787457600000,93.72,94.12,92.26,92.6,22809.0,22809.27,2123167.1414,1
1787461200000,92.59,93.31,91.59,92.34,21775.0,21775.21,2018339.386,1
1787464800000,92.31,92.79,91.79,92.26,18198.0,18198.59,1679694.024,1
1787468400000,92.26,92.98,92.17,92.46,18165.0,18165.76,1681050.245,1
1787472000000,92.45,93.53,92.33,93.21,7064.0,7064.34,657077.7305,1
1787475600000,93.17,93.56,92.95,93.35,8162.0,8162.01,761233.5415,1
1787479200000,93.31,94.11,93.29,93.64,9650.0,9650.63,904551.128,1
1787482800000,93.64,94.81,93.56,94.63,26300.0,26300.02,2484537.7825,1
1787486400000,94.6,94.79,94.1,94.62,14664.0,14664.76,1385973.2162,1
1787490000000,94.62,95.83,94.58,95.39,25143.0,25143.81,2391944.0342,1
1787493600000,95.38,95.68,93.37,94.98,23718.0,23718.74,2249173.2584,1
1787497200000,95.07,95.89,94.69,95.36,19346.0,19346.62,1846069.4721,1
1787500800000,95.39,95.7,95.17,95.44,10740.0,10740.42,1024959.9468,1
1787504400000,95.44,95.5,94.85,95.12,10737.0,10737.37,1022146.8095,1
1787508000000,95.13,95.43,94.95,95.29,7965.0,7965.5,758129.5411,1
1787511600000,95.31,95.48,94.82,95.05,13070.0,13070.25,1242482.9268,1
1787515200000,95.08,95.39,94.74,95.04,7036.0,7036.74,669459.4325,1
1787518800000,95.08,96.24,95.08,95.34,26314.0,26314.54,2519151.1814,1
1787522400000,95.42,95.77,94.79,95.6,21342.0,21342.54,2035445.147,1
1787526000000,95.61,95.88,95.03,95.45,13031.0,13031.25,1242179.8091,1
1787529600000,95.41,95.53,93.86,95.53,38023.0,38023.72,3600770.117,1
1787533200000,95.48,95.54,93.75,93.85,58793.0,58793.07,5553703.9998,1
1787536800000,93.88,95.04,93.66,94.56,26412.0,26412.9,2492342.9869,1
1787540400000,94.55,94.65,93.45,93.64,16285.0,16285.28,1528950.0463,1
1787544000000,93.63,94.31,93.63,94.19,10106.0,10106.91,950772.5389,1
1787547600000,94.2,94.62,93.43,94.27,13178.0,13178.16,1239418.0219,1
1787551200000,94.25,94.61,93.8,94.51,14766.0,14766.5,1391099.5373,1
1787554800000,94.56,95.44,93.96,94.1,23580.0,23580.36,2228683.1271,1
1787558400000,94.11,94.34,93.22,93.91,18664.0,18664.74,1746000.2761,1
1787562000000,93.91,94.89,93.88,94.63,8906.0,8906.67,842004.4738,1
1787565600000,94.63,95.11,94.58,94.68,13125.0,13125.77,1244887.6559,1
1787569200000,94.69,96.32,94.26,95.84,16622.0,16622.94,1583585.3386,1
1787572800000,95.81,96.62,93.9,96.26,26099.0,26099.07,2492938.3816,1
1787576400000,96.28,96.49,94.28,95.03,38061.0,38061.11,3633141.5479,1
1787580000000,94.98,96.7,94.85,96.03,49321.0,49321.25,4733686.263,1
1787583600000,96.07,97.55,96.0,96.4,53501.0,53501.62,5175940.8438,1
1787587200000,96.43,97.56,95.75,96.03,28248.0,28248.53,2734729.5221,1
1787590800000,96.05,96.15,94.76,95.36,36223.0,36223.91,3454746.2579,1
1787594400000,95.37,96.4,95.35,95.87,13356.0,13356.25,1281616.1922,1
1787598000000,95.9,96.62,95.37,96.47,17747.0,17747.53,1704664.3055,1
1787601600000,96.53,96.72,95.69,96.49,20180.0,20180.34,1944529.6235,1
1787605200000,96.5,97.55,96.5,97.46,16117.0,16117.1,1562882.496,1
1787608800000,97.44,98.72,97.18,97.41,25680.0,25680.39,2510223.0008,1
1787612400000,97.43,98.97,97.26,98.96,16852.0,16852.91,1655635.3211,1
1787616000000,98.93,102.79,98.54,101.76,74446.0,74446.57,7514764.6242,1
1787619600000,101.82,102.56,100.08,100.48,39275.0,39275.14,3984858.9144,1
1787623200000,100.47,102.33,100.23,100.9,49117.0,49117.17,4979002.7921,1
1787626800000,100.92,102.05,100.85,101.58,26179.0,26179.4,2656691.8001,1
1787630400000,101.58,101.71,100.84,101.31,10897.0,10897.42,1103869.9942,1
1787634000000,101.32,103.23,101.24,101.9,21308.0,21308.56,2178849.834,1
1787637600000,101.89,102.05,100.45,100.73,27161.0,27161.95,2751065.1919,1
1787641200000,100.73,101.94,99.49,100.24,31503.0,31503.96,3184879.9157,1
1787644800000,100.29,101.1,99.74,100.39,16017.0,16017.52,1608561.7469,1
1787648400000,100.41,100.61,99.27,99.79,20988.0,20988.88,2099329.7652,1
1787652000000,99.78,99.88,99.08,99.59,13443.0,13443.02,1338533.6889,1
1787655600000,99.62,99.69,98.46,98.59,21617.0,21617.72,2139619.8239,1
1787659200000,98.63,98.81,97.45,98.57,22378.0,22378.73,2197119.2648,1
1787662800000,98.56,98.77,96.17,97.09,42146.0,42146.6,4103733.434,1
1787666400000,97.08,98.36,96.87,98.16,35419.0,35419.08,3464926.4486,1
1787670000000,98.16,98.46,97.6,98.33,28422.0,28422.64,2784497.1473,1
1787673600000,98.29,98.64,97.73,98.14,14680.0,14680.55,1441360.3044,1
1787677200000,98.11,98.17,97.43,98.14,22291.0,22291.06,2179544.7462,1
1787680800000,98.17,98.78,98.04,98.45,17082.0,17082.8,1681822.8591,1
1787684400000,98.44,98.58,97.44,97.93,18174.0,18174.26,1779541.0207,1
1787688000000,97.92,97.99,96.61,96.63,35998.0,35998.34,3501731.879,1
1787691600000,96.63,97.23,95.25,97.15,29153.0,29153.48,2812999.018,1
1787695200000,97.14,97.72,97.13,97.19,12489.0,12489.12,1216205.473,1
1787698800000,97.16,97.33,96.34,96.54,7854.0,7854.65,760739.4095,1
1787702400000,96.56,96.9,96.15,96.61,13482.0,13482.62,1300924.4176,1
1787706000000,96.57,97.23,96.57,96.97,11202.0,11202.79,1086518.7896,1
1787709600000,96.99,97.5,96.74,97.24,9337.0,9337.76,908083.3099,1
1787713200000,97.24,97.32,96.78,97.0,6821.0,6821.95,661713.3153,1
1787716800000,97.0,97.25,96.52,96.57,8210.0,8210.1,795288.7779,1
1787720400000,96.59,97.16,96.21,97.04,13236.0,13236.61,1281085.046,1
1787724000000,97.03,97.33,96.46,96.75,9111.0,9111.7,882376.7054,1
1787727600000,96.74,97.11,96.62,96.89,9359.0,9359.51,907508.9143,1
1787731200000,96.91,97.33,96.66,96.75,9896.0,9896.44,961262.1865,1
1787734800000,96.77,96.97,95.73,96.15,14619.0,14619.12,1407129.3989,1
1787738400000,96.13,97.83,95.94,97.46,17899.0,17899.03,1735485.0901,1
1787742000000,97.44,97.59,96.62,96.98,16923.0,16923.24,1645581.5443,1
1787745600000,97.02,97.5,96.02,96.96,20792.0,20792.46,2014945.1686,1
1787749200000,96.96,97.17,95.82,96.51,29896.0,29896.11,2882805.8907,1
1787752800000,96.49,96.92,95.34,95.42,25906.0,25906.09,2485216.1973,1
1787756400000,95.4,96.3,94.86,95.89,29175.0,29175.46,2786867.8964,1
1787760000000,95.87,96.15,95.43,95.9,13402.0,13402.47,1284403.1688,1
1787763600000,95.92,97.18,95.82,96.93,17546.0,17546.36,1697864.7125,1
1787767200000,96.93,97.11,96.61,96.8,7682.0,7682.37,743586.6288,1
1787770800000,96.8,96.87,96.33,96.79,9674.0,9674.63,934773.3957,1
1787774400000,96.75,97.0,96.26,96.89,18786.0,18786.83,1814794.9947,1
1787778000000,96.9,98.3,96.85,98.2,23956.0,23956.12,2340613.2037,1
1787781600000,98.2,100.9,98.02,99.64,46574.0,46574.99,4646762.6913,1
1787785200000,99.65,102.4,99.5,102.04,37269.0,37269.64,3772537.6754,1
1787788800000,102.06,102.1,100.59,100.6,34871.0,34871.37,3531780.4013,1
1787792400000,100.59,101.9,100.49,101.43,21509.0,21509.01,2178359.6956,1
1787796000000,101.43,101.9,100.85,101.12,15161.0,15161.22,1537958.3505,1
1787799600000,101.14,101.77,100.87,101.05,9625.0,9625.68,975222.952,1
1787803200000,101.05,101.52,100.66,101.06,11968.0,11968.03,1209657.3719,1
1787806800000,101.05,102.22,100.77,102.05,19258.0,19258.48,1954309.0175,1
1787810400000,102.04,102.04,100.87,101.25,10964.0,10964.88,1111012.385,1
1787814000000,101.23,102.07,101.02,101.76,9227.0,9227.91,937617.4177,1
1787817600000,101.8,105.06,101.7,104.66,74523.0,74523.35,7730732.316,1
1787821200000,104.7,105.74,104.04,104.37,31318.0,31318.83,3286693.7197,1
1787824800000,104.37,104.99,103.11,104.08,66727.0,66727.14,6945923.8321,1
1787828400000,104.07,104.88,103.38,103.91,31450.0,31450.39,3272051.6586,1
1787832000000,103.91,104.71,103.91,104.4,19020.0,19020.31,1983605.3904,1
1787835600000,104.41,106.26,104.14,106.01,60253.0,60253.26,6343839.8095,1
1787839200000,106.04,107.86,105.16,106.75,88182.0,88182.13,9397770.7705,1
1787842800000,106.79,107.95,106.4,107.15,33015.0,33015.94,3538630.6288,1
1787846400000,107.15,109.43,106.82,108.86,83440.0,83440.67,9049133.1469,1
1787850000000,108.91,109.58,107.66,108.11,63257.0,63257.44,6865387.2563,1
1787853600000,108.11,108.31,106.65,108.27,53237.0,53237.4,5717047.3183,1
1787857200000,108.32,109.85,108.2,109.34,58348.0,58348.56,6367981.5507,1
1787860800000,109.33,109.74,108.38,108.94,42122.0,42122.36,4590920.8779,1
1787864400000,108.95,109.07,108.15,108.7,23286.0,23286.18,2526482.796,1
1787868000000,108.71,110.59,108.71,109.13,37773.0,37773.03,4137779.5405,1
1787871600000,109.09,110.0,108.81,109.08,20302.0,20302.92,2219968.1913,1
1787875200000,109.1,110.0,108.65,109.05,24471.0,24471.23,2676486.7642,1
1787878800000,109.05,109.67,107.66,107.82,46052.0,46052.85,5001744.7392,1
1787882400000,107.83,107.94,106.14,106.47,53070.0,53070.88,5678507.9122,1
1787886000000,106.49,107.28,105.84,106.78,32580.0,32580.72,3472235.1322,1
1787889600000,106.81,107.56,106.22,106.72,13766.0,13766.06,1471701.4362,1
1787893200000,106.68,107.38,106.59,107.11,19635.0,19635.36,2098564.9571,1
1787896800000,107.15,107.74,107.12,107.48,11034.0,11034.07,1184608.1475,1
1787900400000,107.48,107.48,106.26,106.3,23948.0,23948.79,2555990.8613,1
1787904000000,106.33,106.83,105.76,106.0,15671.0,15671.97,1664555.5688,1
1787907600000,106.03,106.55,105.49,105.88,32957.0,32957.26,3489042.4475,1
1787911200000,105.89,106.16,104.46,106.13,40128.0,40128.74,4229299.2169,1
1787914800000,106.11,106.74,105.5,105.75,26965.0,26965.06,2855112.2887,1
1787918400000,105.74,105.94,104.45,104.82,31571.0,31571.24,3318226.0171,1
1787922000000,104.8,105.54,104.58,105.15,108599.0,108599.44,11401061.6156,1
1787925600000,105.14,106.61,103.57,106.21,116928.0,116928.7,12264839.4659,1
1787929200000,106.21,107.89,105.1,105.17,66191.0,66191.18,7023724.525,1
1787932800000,105.23,105.67,102.92,105.12,130262.0,130262.7,13602362.775,1
1787936400000,105.12,105.19,104.23,104.66,40563.0,40563.89,4246211.0883,1
1787940000000,104.65,104.68,102.24,103.09,66833.0,66833.57,6903667.428,1
1787943600000,103.05,103.83,102.95,103.36,25390.0,25390.52,2625039.3553,1
1787947200000,103.35,104.25,102.78,103.82,22642.0,22642.65,2341038.1228,1
1787950800000,103.82,103.96,103.26,103.41,13632.0,13632.98,1412572.5262,1
1787954400000,103.42,104.16,103.37,104.1,32402.0,32402.77,3359940.8168,1
1787958000000,104.07,104.33,103.94,104.09,4519.0,4519.77,470619.5409,1
1787961600000,104.08,104.52,103.81,103.86,11153.0,11153.35,1160820.536,1
1787965200000,103.86,104.3,103.78,104.08,11107.0,11107.46,1155825.2465,1
1787968800000,104.12,104.34,103.6,103.89,31397.0,31397.89,3259955.1432,1
1787972400000,103.88,104.19,103.77,103.81,7570.0,7570.79,787599.2764,1
1787976000000,103.81,103.99,103.44,103.83,4123.0,4123.94,427469.7539,1
1787979600000,103.83,104.14,103.77,103.97,3896.0,3896.12,405136.9604,1
1787983200000,103.98,103.98,103.27,103.52,8666.0,8666.01,896767.1098,1
1787986800000,103.52,103.92,103.52,103.7,9557.0,9557.15,991544.1725,1
1787990400000,103.7,103.7,103.11,103.37,16242.0,16242.39,1678203.161,1
1787994000000,103.42,103.57,103.23,103.26,3993.0,3993.33,412774.0235,1
1787997600000,103.26,103.53,102.95,103.42,5563.0,5563.08,575067.441,1
1788001200000,103.41,103.64,103.36,103.47,3282.0,3282.46,339765.9696,1
1788004800000,103.47,103.96,103.3,103.57,11234.0,11234.62,1164793.3631,1
1788008400000,103.57,103.92,103.46,103.76,9435.0,9435.32,978844.3907,1
1788012000000,103.77,105.44,103.75,105.32,21418.0,21418.02,2242671.174,1
1788015600000,105.33,105.43,104.6,104.95,16322.0,16322.43,1712920.5601,1
1788019200000,104.95,105.3,104.77,104.78,9636.0,9636.01,1011310.8591,1
1788022800000,104.8,105.08,104.3,104.77,14252.0,14252.35,1491151.8625,1
1788026400000,104.77,105.18,104.68,105.04,10165.0,10165.49,1066750.2724,1
1788030000000,105.04,105.8,105.04,105.27,12542.0,12542.99,1321744.6931,1
1788033600000,105.28,105.43,105.01,105.15,5515.0,5515.2,580357.2599,1
1788037200000,105.16,105.33,104.78,104.99,8023.0,8023.05,842422.4619,1
1788040800000,104.99,105.49,104.86,105.43,16088.0,16088.39,1691721.2015,1
1788044400000,105.43,105.72,105.41,105.56,8629.0,8629.15,910917.9063,1
1788048000000,105.55,105.63,105.17,105.22,4279.0,4279.0,450766.5086,1
1788051600000,105.22,105.3,104.99,105.19,5351.0,5351.59,562702.8023,1
1788055200000,105.21,105.44,105.12,105.18,3476.0,3476.84,366072.6187,1
1788058800000,105.17,105.28,104.92,105.0,3195.0,3195.61,335768.9615,1
1788062400000,105.02,105.07,104.63,105.04,6960.0,6960.87,730145.1328,1
1788066000000,105.01,105.19,104.86,105.0,4028.0,4028.88,423126.9704,1
1788069600000,105.03,105.34,104.86,105.34,6050.0,6050.82,635132.2095,1
1788073200000,105.35,105.4,104.66,104.78,6974.0,6974.24,732920.1481,1
1788076800000,104.77,105.02,104.42,104.72,4078.0,4078.34,427073.0728,1
1788080400000,104.68,104.88,104.42,104.55,10268.0,10268.21,1074564.5511,1
1788084000000,104.55,105.16,104.45,105.05,14567.0,14567.93,1527570.4135,1
1788087600000,105.07,105.28,104.88,105.05,8772.0,8772.39,922055.7326,1
1788091200000,105.05,106.12,105.04,106.04,17943.0,17943.34,1893011.5181,1
1788094800000,106.05,107.39,105.83,107.08,53352.0,53352.74,5703796.5493,1
1788098400000,107.06,107.19,106.57,106.67,12111.0,12111.66,1293921.6059,1
1788102000000,106.69,106.77,105.92,106.21,13504.0,13504.41,1435908.1976,1
1788105600000,106.21,107.07,106.08,106.82,18123.0,18123.59,1933888.5027,1
1788109200000,106.81,106.81,105.09,106.33,20132.0,20132.12,2132994.2964,1
1788112800000,106.33,106.81,105.99,106.62,15594.0,15594.16,1660721.2668,1
1788116400000,106.62,106.75,105.39,105.72,10242.0,10242.19,1085077.4056,1
1788120000000,105.75,105.95,104.29,104.7,25342.0,25342.66,2664313.0207,1
1788123600000,104.72,104.72,103.22,104.39,47030.0,47030.91,4889268.2158,1
1788127200000,104.44,104.69,103.27,103.74,20417.0,20417.86,2120442.7362,1
1788130800000,103.73,103.73,100.3,101.7,113684.0,113684.0,11564759.9177,1
1788134400000,101.7,102.53,101.06,102.07,46642.0,46642.54,4746242.7096,1
1788138000000,102.07,102.17,101.33,101.42,17239.0,17239.9,1754555.4745,1
1788141600000,101.44,102.29,101.15,101.38,30136.0,30136.77,3063894.2813,1
1788145200000,101.41,102.14,101.23,101.9,12442.0,12442.7,1266014.1591,1
1788148800000,101.93,101.93,100.82,101.42,19040.0,19040.17,1927784.7748,1
1788152400000,101.41,102.97,101.25,102.61,33976.0,33976.89,3469329.1231,1
1788156000000,102.58,102.82,102.31,102.67,31754.0,31754.97,3254979.6557,1
1788159600000,102.66,103.12,102.6,102.93,12248.0,12248.81,1259626.0441,1
1788163200000,102.88,103.42,102.4,103.16,15323.0,15323.51,1576981.4287,1
1788166800000,103.16,103.41,102.93,103.03,12763.0,12763.67,1316716.4319,1
1788170400000,103.03,104.03,102.57,103.61,13994.0,13994.81,1446161.6072,1
1788174000000,103.61,104.11,103.21,103.38,11205.0,11205.09,1162014.8355,1
1788177600000,103.34,103.7,102.45,102.71,24915.0,24915.09,2565405.0782,1
1788181200000,102.72,103.01,102.11,102.31,67700.0,67700.34,6942488.987,1
1788184800000,102.33,103.87,102.16,103.44,23787.0,23787.48,2449741.8612,1
1788188400000,103.49,103.61,102.72,102.83,11394.0,11394.34,1175464.3476,1
1788192000000,102.83,103.29,102.39,102.77,12278.0,12278.07,1261456.5893,1
1788195600000,102.76,103.74,102.58,103.57,15035.0,15035.35,1550965.1854,1
1788199200000,103.59,105.05,103.37,104.43,69527.0,69527.4,7267388.3965,1
1788202800000,104.41,104.7,103.5,103.55,57156.0,57156.7,5936361.6895,1
1788206400000,103.57,104.23,103.48,103.68,23997.0,23997.86,2489403.4671,1
1788210000000,103.68,103.91,103.17,103.6,15805.0,15805.68,1636876.6719,1
1788213600000,103.64,103.74,103.08,103.15,4357.0,4357.89,450206.5556,1
1788217200000,103.15,103.15,102.85,103.0,5471.0,5471.7,563664.6722,1
1788220800000,103.0,103.47,102.9,103.14,8964.0,8964.25,925849.4995,1
1788224400000,103.14,103.49,102.68,103.19,20689.0,20689.64,2137568.4184,1
1788228000000,103.17,103.37,102.75,103.34,3817.0,3817.63,393526.0327,1
1788231600000,103.33,104.13,103.23,103.59,7580.0,7580.75,786256.4758,1
1788235200000,103.58,104.01,103.46,103.49,6197.0,6197.76,642782.903,1
1788238800000,103.56,104.31,103.54,104.25,19830.0,19830.83,2062613.266,1
1788242400000,104.24,104.24,103.32,103.33,4986.0,4986.21,517371.164,1
1788246000000,103.32,103.49,102.75,103.07,20488.0,20488.87,2110509.6102,1
1788249600000,103.11,103.13,101.74,102.02,24928.0,24928.68,2551716.0275,1
