Symbol,Contract Type,Margin Mode,Position Mode,Side,Leverage,Open Time,Close Time,Avg. Price,Exit Price,Held Qty,Max Qty,Close Qty,Position PnL,Position PnL%,Closed PNL,Trading Fee,Funding Fee,Status,1H_close,1H_rsi,1H_atr,1H_ema9,1H_ema20,1H_ema50,1H_ema200,1H_adx,1H_dist_ema9_pct,1H_dist_ema20_pct,1H_dist_ema50_pct,1H_dist_ema200_pct,15m_close,15m_rsi,15m_atr,15m_ema9,15m_ema20,15m_ema50,15m_ema200,15m_adx,15m_dist_ema9_pct,15m_dist_ema20_pct,15m_dist_ema50_pct,15m_dist_ema200_pct,btc_4h_close,btc_4h_rsi,btc_regime
XRPUSDT,USDT-M,Cross,One-Way,Long,20X,2026-09-25 18:23:08+00:00,2026-09-29 06:52:36+00:00,1.5332191639105286,1.5518927990344373,0.0,63797.0,63797.0,1018.7001905818014,20.83,1191.3219000000004,-78.96661954,-93.655089878199,Closed,1.568,63.79573170731711,0.025935714285714267,1.5683182504434598,1.556877500049529,1.5401885297695446,1.4810532301343402,,-0.02029246572688929,0.7144107323869257,1.8057185658055037,5.870603979424377,1.5703,41.01796407185627,0.013192857142857117,1.5690407929939745,1.571844961172831,1.5655473533205735,1.53982232670059,,0.08025329944563074,-0.09828966666522254,0.30357731877902216,1.9792980508806655,77824.0,39.03265068529397,Bullish
XLMUSDT,USDT-M,Cross,One-Way,Long,20X,2026-09-28 14:40:14+00:00,2026-09-28 16:47:58+00:00,0.2256,0.23162,0.0,10000.0,10000.0,58.35908,51.74,60.2,-1.84092,0.0,Closed,0.21673,48.89784309077982,0.005073571428571427,0.2162472542145797,0.21506288053610106,0.21532338463793144,0.2101942963715886,,0.22323787979351434,0.7751776874480645,0.6532571297046107,3.10936297570005,0.21618,56.34295713035874,0.0035499999999999998,0.2198583424501207,0.21822388161169223,0.21555273803848565,0.21536431657739707,,-1.6730511151539305,-0.9365985045253236,0.2910016208666133,0.3787458551936101,77824.0,39.03265068529397,Bullish
XLMUSDT,USDT-M,Cross,One-Way,Long,20X,2026-09-24 17:25:16+00:00,2026-09-28 11:16:07+00:00,0.22243,0.2309484,0.0,20000.0,20000.0,156.19895119999998,70.22,170.36799999999997,-3.6611008,-10.507948,Closed,0.2106,70.30788696752427,0.003309285714285713,0.20624189858197917,0.2049491473823685,0.20649627584955693,0.20041584862012396,,2.113101871145033,2.7571974266810972,1.9873114580685465,5.081509995339484,0.21134,65.06024096385548,0.002825714285714281,0.21038115445158614,0.20777597961252697,0.20486905643807535,0.20637991475178932,,0.45576589353420893,1.7153187746338265,3.1585753722063874,2.403375955541077,77824.0,39.03265068529397,Bullish
XRPUSDT,USDT-M,Cross,One-Way,Long,20X,2026-09-25 13:55:56+00:00,2026-09-25 15:58:21+00:00,1.5559,1.5691,0.0,13200.0,13200.0,157.70515200000003,15.36,174.24,-16.534848,0.0,Closed,1.5838,70.12145748987858,0.023099999999999978,1.566066145152158,1.5480522017212481,1.533354756659965,1.476423273649785,,1.1323822370299088,2.3092114231680756,3.2898612092819017,7.272760343636069,1.5838,63.97748592870546,0.018342857142857168,1.590378547442251,1.579427804507636,1.559043831950509,1.5333839084488974,,-0.4136466410988051,0.27682148433033865,1.587907122439189,3.2878975234650385,77824.0,39.03265068529397,Bullish
XRPUSDT,USDT-M,Cross,One-Way,Long,20X,2026-09-25 06:22:39+00:00,2026-09-25 11:19:35+00:00,1.5661154544557387,1.5771959834205072,0.0,40532.0,40532.0,384.55974516598405,12.12,449.11600000000004,-63.16193312,-1.394321714016,Closed,1.5301,48.846153846153825,0.016492857142857087,1.5303905633552446,1.5250093484053648,1.5220923097208736,1.4698631970112066,,-0.018986222354086084,0.33381117302384056,0.5260975453318517,4.098123084602557,1.5297,52.29885057471271,0.00722857142857141,1.5301070993370673,1.5320182839271845,1.5295755741073613,1.5221837202919564,,-0.026605937404229042,-0.15132221015285602,0.008134667861137718,0.4937826891619931,77824.0,39.03265068529397,Bullish
XRPUSDT,USDT-M,Cross,One-Way,Long,20X,2026-09-24 17:24:14+00:00,2026-09-25 02:30:55+00:00,1.5361,1.558,0.0,40000.0,40000.0,812.8208800000002,26.46,876.0000000000002,-49.6808,-13.49832,Closed,1.5275,61.20576671035388,0.02226428571428572,1.5062780269884601,1.504569936337892,1.514628815159203,1.461070654671013,,1.4089014532044637,1.5240277708804744,0.8497913622120215,4.546621008136312,1.5396,67.15328467153293,0.014035714285714247,1.524017128975521,1.5113049972188985,1.5008432607659643,1.5141540068107235,,1.0224866064959606,1.872223200027126,2.5823308967157597,1.680541944532688,77824.0,39.03265068529397,Bullish
XRPUSDT,USDT-M,Cross,One-Way,Long,20X,2026-09-22 21:21:58+00:00,2026-09-24 17:16:50+00:00,1.5330808604082447,1.548105055647053,0.0,40074.0,40074.0,527.98197166616,17.19,602.0796,-49.51059368,-24.58703465384,Closed,1.5683,63.74655647382927,0.028650000000000047,1.568222934371476,1.5517997402122274,1.5100102354112694,1.4241226013385542,,0.004914201089333025,1.0632982697571516,3.8602231443056856,10.123945685991597,1.5746,51.82795698924735,0.012899999999999991,1.5770206761037182,1.5745833013599664,1.561168687247316,1.5069479972037305,,-0.1534967892557299,0.0010605116934236675,0.8603370578977153,4.48933891028778,77824.0,39.03265068529397,Bullish
XLMUSDT,USDT-M,Cross,One-Way,Long,20X,2026-09-23 15:18:04+00:00,2026-09-24 15:12:42+00:00,0.2031,0.2151738,0.0,20000.0,20000.0,235.3808824,115.89,241.476,-3.3944856,-2.700632,Closed,0.20284,28.229105786090003,0.004188571428571432,0.21158832167804156,0.21401905317453804,0.21233362737006978,0.19966443993787453,,-4.134595713346245,-5.223391566647686,-4.471089901141109,1.590448486026625,0.2048,20.54545454545459,0.0024050000000000065,0.20769736201671682,0.21066276864266859,0.21401368589975284,0.21248146360950915,,-1.3949922081743198,-2.783011293568039,-4.305185372148888,-3.615121751808834,77824.0,39.03265068529397,Bullish
XRPUSDT,USDT-M,Cross,One-Way,Long,20X,2026-09-22 21:12:17+00:00,2026-09-22 21:20:41+00:00,1.6377,1.6501,0.0,6000.0,6000.0,66.4944,13.53,74.4,-7.9056,0.0,Closed,1.5683,63.74655647382927,0.028650000000000047,1.568222934371476,1.5517997402122274,1.5100102354112694,1.4241226013385542,,0.004914201089333025,1.0632982697571516,3.8602231443056856,10.123945685991597,1.5759,54.06546990496308,0.0131,1.5776258451296474,1.5745815436083839,1.5606204704002677,1.5062680775776371,,-0.10939508470752292,0.08373376386686025,0.9790676137814239,4.622810737272225,77824.0,39.03265068529397,Bullish
XRPUSDT,USDT-M,Cross,One-Way,Long,20X,2026-09-22 17:20:14+00:00,2026-09-22 20:37:49+00:00,1.5871,1.6099030833333334,0.0,6000.0,6000.0,129.1183289,27.12,136.8185,-7.7001711,0.0,Closed,1.5712,66.97530864197532,0.02681428571428576,1.5578431014928606,1.5397455964596203,1.4984370348975715,1.4178873085086492,,0.8573969030860387,2.0428312061878033,4.855924100100893,10.81275575085067,1.5752,45.266272189349074,0.016664285714285704,1.5651237842556607,1.559530480977699,1.5455923090713863,1.4945362971130982,,0.6437967300542486,1.0047587535754565,1.9156210052832312,5.397239467700766,77824.0,39.03265068529397,Bullish
XLMUSDT,USDT-M,Cross,One-Way,Long,20X,2026-09-22 17:45:50+00:00,2026-09-22 20:00:05+00:00,0.21675,0.21945855,0.0,40000.0,40000.0,101.3409948,23.38,108.342,-7.0010052,0.0,Closed,0.21379,50.24533856722281,0.003475714285714288,0.21354131282193062,0.21256330633190307,0.20801652622112135,0.19567731975740674,,0.11645857880286006,0.5770956846999461,2.7754880267260402,9.256402461485408,0.21379,55.20833333333336,0.001597857142857145,0.21385059381157384,0.21351893468172717,0.21292429158533982,0.20774823220316618,,-0.028334647331970223,0.1269514194031042,0.4065803897782198,2.9082162253613366,77824.0,39.03265068529397,Bullish
XLMUSDT,USDT-M,Cross,One-Way,Long,20X,2026-09-22 12:37:00+00:00,2026-09-22 17:19:58+00:00,0.21692,0.21802033333333334,0.0,66000.0,66000.0,57.98118039999978,8.1,72.62199999999979,-11.4969492,-3.1438704,Closed,0.21314,40.56980056980054,0.003398571428571429,0.21225200446145795,0.21144653995394838,0.20661502569866033,0.1947184692451378,,0.4183685053034656,0.8008927677040442,3.1580347456704705,9.460597562355881,0.21121,47.22524483133852,0.0012135714285714289,0.21082576060505798,0.21121452179591588,0.21171686885604638,0.20632261001667979,,0.18225448059064825,-0.0021408546521424626,-0.2394088193279507,2.368809692221861,77824.0,39.03265068529397,Bullish
XRPUSDT,USDT-M,Cross,One-Way,Long,25X,2026-09-22 12:29:03+00:00,2026-09-22 16:22:17+00:00,1.577575,1.58284605,0.0,28000.0,28000.0,112.16316636000006,6.35,147.58940000000007,-35.42623364,0.0,Closed,1.5423,44.36090225563907,0.02180000000000006,1.5322262618800666,1.5194795967553523,1.48229889525305,1.4100106994388009,,0.657457607310082,1.501856510174779,4.047841156672178,9.382148703825557,1.5389,44.5196211096076,0.010450000000000024,1.5351292240148198,1.5316022472481958,1.5247631505286239,1.4796570986192825,,0.24563248006695243,0.47647832620485253,0.9271505195069094,4.003826388965318,77824.0,39.03265068529397,Bullish
XLMUSDT,USDT-M,Cross,One-Way,Long,20X,2026-09-21 16:16:28+00:00,2026-09-22 12:17:00+00:00,0.21537880246222718,0.21698,0.0,107220.0,107220.0,139.96182837599983,12.12,171.68039999999982,-18.5773404,-13.141231224,Closed,0.20819,72.5066195939982,0.00373785714285714,0.2079445531294703,0.20430530290056612,0.19917600168359262,0.19073284284529335,,0.11803476784355414,1.901417654990837,4.5256447765865095,9.152674963727371,0.20927,48.9096573208723,0.0021442857142857136,0.20960779783391761,0.20912301182530016,0.206234368092519,0.19877675290919466,,-0.16115709310836612,0.07028790060782279,1.471933090278726,5.278910605607326,77824.0,39.03265068529397,Bullish
XRPUSDT,USDT-M,Cross,One-Way,Long,20X,2026-09-22 02:00:02+00:00,2026-09-22 12:06:01+00:00,1.547,1.5885,0.0,3232.0,3232.0,128.930627264,51.57,134.128,-4.0804,-1.116972736,Closed,1.5158,60.512820512820454,0.02541428571428574,1.5197718337750639,1.5002303511514463,1.4593589292345692,1.3975980609342507,,-0.26134408381539226,1.0378172149766074,3.867524954606886,8.457505943213393,1.5129,23.027166882276546,0.012249999999999983,1.5205874169370344,1.5252671258585981,1.5136852375423377,1.456849997683895,,-0.505555737960758,-0.8108170463345277,-0.05187588032587075,3.8473420328251713,77824.0,39.03265068529397,Bullish
XRPUSDT,USDT-M,Cross,One-Way,Long,20X,2026-09-21 15:04:36+00:00,2026-09-22 01:59:18+00:00,1.54335,1.547,0.0,36000.0,36000.0,63.134172000000106,2.27,131.40000000000012,-50.15952,-18.106308,Closed,1.4949,89.40217391304344,0.020021428571428603,1.4788931291694678,1.4548081746362176,1.4248910744283143,1.3832567820751425,,1.0823548040635904,2.755815238239741,4.913282624061219,8.071040704197513,1.5025,59.692307692307786,0.01095714285714284,1.4922054169065146,1.4856420258729008,1.4650487644273475,1.4220595214802756,,0.6898904786733022,1.1347265245269345,2.5563132423985344,5.656618257159223,77824.0,39.03265068529397,Bullish
XLMUSDT,USDT-M,Cross,One-Way,Long,20X,2026-09-21 13:34:19+00:00,2026-09-21 14:49:27+00:00,0.21314,0.21725380729055638,0.0,46910.0,46910.0,184.8641948599999,36.98,192.97869999999992,-8.11450514,0.0,Closed,0.20963,71.46785837057404,0.003592142857142853,0.20667373658099664,0.20253314917074544,0.19787121402927557,0.1901634361807182,,1.4304011084856916,3.504044082814105,5.942646093526618,10.236754346814664,0.20772,49.321266968325745,0.0015242857142857102,0.20910557550889372,0.20825484562168137,0.2044384114794036,0.1975365667200331,,-0.6626200690831417,-0.25682265403465665,1.605172186992369,5.155214271998443,77824.0,39.03265068529397,Bullish
XRPUSDT,USDT-M,Cross,One-Way,Long,20X,2026-09-21 09:38:03+00:00,2026-09-21 13:31:03+00:00,1.483,1.5175,0.0,5813.0,5813.0,193.5316277,44.9,200.5485,-7.0168723,0.0,Closed,1.4749,76.28053585500396,0.018000000000000033,1.4424074812678052,1.4248398666960658,1.4069795581213533,1.3766087502061972,,2.2526587773682105,3.5133866249836423,4.82739365235245,7.140100611671994,1.4789,78.47800237812129,0.011064285714285702,1.464315183874339,1.4494099898407455,1.431201314025361,1.405711206250435,,0.9960161778198708,2.0346216988952026,3.3327726510034412,5.2065312863790325,77824.0,39.03265068529397,Bullish
XLMUSDT,USDT-M,Cross,One-Way,Long,20X,2026-09-21 10:17:00+00:00,2026-09-21 12:59:28+00:00,0.20672,0.2117148914616498,0.0,48370.0,48370.0,233.4587011399999,46.7,241.60289999999992,-8.14419886,0.0,Closed,0.21305,78.15947053261894,0.003537142857142856,0.20361417300975895,0.19994586010646942,0.19633221848207322,0.18956083830335438,,4.634170033826079,6.553844068865806,8.515047426845658,12.391357786177272,0.21037,80.82497212932007,0.0020335714285714284,0.2065644560079266,0.2037123492971393,0.2004196476798997,0.19573451233867328,,1.8423033979899028,3.268162546763282,4.964758912256203,7.477213643347369,77824.0,39.03265068529397,Bullish
XLMUSDT,USDT-M,Cross,One-Way,Long,20X,2026-09-21 06:28:42+00:00,2026-09-21 07:58:25+00:00,0.20729,0.21068371890547263,0.0,48240.0,48240.0,155.61503651999988,31.12,163.71299999999985,-8.09796348,0.0,Closed,0.19931,53.35736818386659,0.002719285714285712,0.1978156567621067,0.19645100789102504,0.19452439804724223,0.18886537534466247,,0.755422124999133,1.4553206622186838,2.4601551274794486,5.530195588406298,0.19967,59.813084112149475,0.0011592857142857158,0.19830482054934614,0.19809616908412464,0.1971321445981948,0.1943804740817334,,0.6884247427127625,0.7944782189134583,1.2873879128023336,2.721222871409627,77824.0,39.03265068529397,Bullish
XRPUSDT,USDT-M,Cross,One-Way,Long,20X,2026-09-21 07:06:18+00:00,2026-09-21 07:57:27+00:00,1.4757,1.5007,0.0,963.0,963.0,22.92367572,32.26,24.075,-1.15132428,0.0,Closed,1.4382,69.20634920634916,0.015278571428571459,1.4238804394809454,1.4136409451882688,1.4012810623380423,1.3746130682831386,,1.0056715523302264,1.7372908513526661,2.634656148164756,4.625805849225633,1.4353,61.76991150442481,0.007564285714285706,1.4300156625965479,1.4252129965718892,1.4166886939175434,1.4000774789834836,,0.3695300367449898,0.7077541007816698,1.3137188263281145,2.5157551310724267,77824.0,39.03265068529397,Bullish
XRPUSDT,USDT-M,Cross,One-Way,Long,20X,2026-09-21 06:37:22+00:00,2026-09-21 06:51:54+00:00,1.474,1.4958,0.0,6784.0,6784.0,139.80277248,27.96,147.8912,-8.08842752,0.0,Closed,1.4359,63.16316316316312,0.01541428571428573,1.4203005493511818,1.411055781523876,1.3997741669232684,1.3739740036427681,,1.0983203981681402,1.7606829440359417,2.5808329608008744,4.507071909151823,1.4263,58.98437499999985,0.0070857142857142985,1.426893222807106,1.4229144916570726,1.415113907904844,1.3993599007199746,,-0.04157443581791814,0.23792774356979413,0.7904729105318105,1.9251730213338627,77824.0,39.03265068529397,Bullish
XRPUSDT,USDT-M,Cross,One-Way,Long,20X,2026-09-20 18:56:04+00:00,2026-09-21 05:37:43+00:00,1.406,1.4948037878787879,0.0,3300.0,3300.0,288.1203323,124.2,293.0525,-3.8876715,-1.0444962,Closed,1.4032,66.52046783625721,0.011378571428571413,1.3932605103338243,1.392995235939115,1.3891505970601503,1.368601275493155,,0.7133977883141361,0.7325770970067509,1.0113664400089046,2.52803538374447,1.4032,64.08163265306129,0.008578571428571404,1.403318141184278,1.3975134983439181,1.3917984586998295,1.3889972630706215,,-0.008418702845114362,0.40690137610981836,0.8191948502961692,1.0225172724948948,77824.0,39.03265068529397,Bullish
XLMUSDT,USDT-M,Cross,One-Way,Long,20X,2026-09-20 18:56:14+00:00,2026-09-21 01:57:11+00:00,0.19594,0.20647873333333333,0.0,30000.0,30000.0,309.9509308,105.46,316.162,-4.8922572,-1.318812,Closed,0.19498,64.27656850192054,0.0021214285714285697,0.19367333900071268,0.1931818823230378,0.192567161146389,0.1877496422553755,,0.6746726245487504,0.9307900178523951,1.25298562810341,3.8510633936600644,0.19498,58.320839580209885,0.0015049999999999983,0.19536042746287777,0.19446782750784972,0.19314707260861802,0.19248817020464415,,-0.19473107620532254,0.2633713240456683,0.9489801562232858,1.2945365903300157,77824.0,39.03265068529397,Bullish
XRPUSDT,USDT-M,Cross,One-Way,Long,20X,2026-09-18 22:07:13+00:00,2026-09-20 17:20:17+00:00,1.4199501363223266,1.4293517721902453,0.0,33010.0,33010.0,235.80668417224004,10.06,310.34800000000007,-38.4836656,-36.05765022776,Closed,1.3991,69.0157958687728,0.019757142857142824,1.3890059219601598,1.3657998643486349,1.3393971547892303,1.3488467625982634,,0.7267123833133461,2.438141672187553,4.457441543555069,3.7256446614391194,1.4022,61.815068493150655,0.008328571428571463,1.4018482628297395,1.3965613244311659,1.3760462163739329,1.3359413172033838,,0.02509095881392835,0.40375424051863307,1.9006471813850672,4.959700096357514,77824.0,39.03265068529397,Bullish
XLMUSDT,USDT-M,Cross,One-Way,Long,20X,2026-09-20 09:17:54+00:00,2026-09-20 17:20:02+00:00,0.19612875666666665,0.20035533333333333,0.0,30000.0,30000.0,120.71156346000001,41.03,126.7973,-4.78395254,-1.301784,Closed,0.18997,21.888153938664985,0.002343571428571427,0.19117999822909107,0.19286731022135223,0.19236688380942074,0.18727031690865192,,-0.632910471963248,-1.502229806610052,-1.2459960685308762,1.441596904364159,0.19033,44.462025316455716,0.0007228571428571422,0.1899913999900027,0.19049542747443476,0.19225532442817383,0.19242371855984347,,0.17821859832346099,-0.08684065367236495,-1.0014414081380267,-1.0880771744322821,77824.0,39.03265068529397,Bullish
XLMUSDT,USDT-M,Cross,One-Way,Long,20X,2026-09-19 10:14:25+00:00,2026-09-19 12:33:02+00:00,0.19919,0.19950895916666667,0.0,120000.0,120000.0,19.12989493999992,1.6,38.27509999999992,-19.14520506,0.0,Closed,0.19283,46.67207792207797,0.002292857142857146,0.1930892751815117,0.192506120842014,0.18961851433275434,0.18530475218773884,,-0.13427736018376407,0.1682435636692371,1.693656169887476,4.06101177839037,0.1923,36.49999999999992,0.0008828571428571436,0.1925901444774988,0.19299799990828537,0.19314456350101905,0.18945839832378464,,-0.15065385525618596,-0.361661731529376,-0.4372701388587602,1.499855219592356,77824.0,39.03265068529397,Bullish
XLMUSDT,USDT-M,Cross,One-Way,Long,20X,2026-09-19 07:39:17+00:00,2026-09-19 09:49:15+00:00,0.1982509523809524,0.20008226984126984,0.0,126000.0,126000.0,208.00603239999995,16.65,230.74599999999995,-20.1221436,-2.617824,Closed,0.19167,45.85798816568052,0.0024200000000000033,0.19354389683888995,0.19247519246506656,0.18924014742797807,0.18508314234495427,,-0.9682024954007282,-0.41833571108790557,1.2840047976324396,3.5588641794125624,0.19151,28.115942028985557,0.0012935714285714276,0.19311750706012126,0.1937567409312526,0.1934291266379456,0.18913130049571503,,-0.832398410994815,-1.159567879008541,-0.9921601112006971,1.257697429272887,77824.0,39.03265068529397,Bullish
LINKUSDT,USDT-M,Cross,One-Way,Long,20X,2026-09-18 20:37:01+00:00,2026-09-19 08:03:59+00:00,12.369,12.573,0.0,80.8,80.8,15.455204224,30.93,16.4832,-0.80942208,-0.218573696,Closed,12.346,83.12807881773395,0.13164285714285714,12.173246807741611,11.961650836049863,11.627743502175846,11.496207121321673,,1.4191217428412446,3.2131782579022534,6.177092723878451,7.391941269936255,12.39,90.79365079365085,0.057642857142857044,12.329595001995154,12.24776521714984,12.07240362885656,11.608879826939308,,0.489918752360254,1.1613121277912548,2.6307633583778918,6.728643802893389,77824.0,39.03265068529397,Bullish
XLMUSDT,USDT-M,Cross,One-Way,Long,20X,2026-09-19 06:50:27+00:00,2026-09-19 07:05:18+00:00,0.19914,0.201471066,0.0,50000.0,50000.0,108.5177680199999,21.8,116.5532999999999,-8.03553198,0.0,Closed,0.19339,54.86026731470236,0.0023557142857142904,0.1940123710486124,0.1925599495666525,0.18914096977197717,0.18501694277053168,,-0.32078936268268116,0.43106078663579145,2.246488549331932,4.525562418277041,0.19339,47.448015122873414,0.0012835714285714275,0.19426403722679925,0.19438802999917337,0.1936147268370332,0.1890444403854077,,-0.4499223012537415,-0.5134215307277977,-0.11606908250442914,2.298697388684341,77824.0,39.03265068529397,Bullish
XRPUSDT,USDT-M,Cross,One-Way,Long,20X,2026-09-18 12:16:18+00:00,2026-09-18 19:13:36+00:00,1.3995,1.4167,0.0,12000.0,12000.0,185.794512,22.13,206.4,-16.91952,-3.685968,Closed,1.3234,69.57123098201936,0.010735714285714277,1.3242173369809942,1.3167615815561216,1.3131193949674163,1.3443052596973974,,-0.061722268555831364,0.5041473366828649,0.7829147198635932,-1.5550976645068921,1.3221,31.632653061224687,0.005771428571428554,1.324359184665178,1.3257176119641028,1.3202891967265702,1.3124912048933715,,-0.17058700474442753,-0.2728795281480098,0.137152017748796,0.7321035806414588,77824.0,39.03265068529397,Bullish
ZECUSDT,USDT-M,Cross,One-Way,Long,20X,2026-09-18 16:01:45+00:00,2026-09-18 17:56:05+00:00,1561.305,1583.34,0.0,8.0,8.0,166.64673900005533,26.68,176.28,-10.09812,0.46485900005533287,Closed,1444.86,38.78870923540694,30.70928571428572,1469.2099736217594,1465.3710071219725,1406.2823198888818,1244.7510217919835,,-1.657351505839173,-1.3997142718318678,2.743238648848711,16.076225261493107,1475.75,60.432020330368516,18.049999999999986,1477.906305096796,1475.5409582159991,1475.4430808174488,1404.3234553243126,,-0.1459026928405097,0.014167128525772387,0.020801831432298353,5.08618896913548,77824.0,39.03265068529397,Bullish
ZECUSDT,USDT-M,Cross,One-Way,Long,20X,2026-09-17 22:05:12+00:00,2026-09-18 15:59:16+00:00,1522.16,1545.88,0.0,2.0,2.0,45.93571440196742,30.18,47.44,-2.46392,0.9596344019674156,Closed,1476.85,65.53843054296365,36.95785714285713,1457.0072686929097,1415.75393670431,1330.2513882827864,1198.3845751753527,,1.3618827945100918,4.315443645377637,11.020369007579598,23.236733064917914,1465.71,52.46300623052956,16.401428571428564,1473.2069657792251,1469.4092920241749,1438.5322350665433,1324.3318184833854,,-0.5088874783632125,-0.2517536838955811,1.8892704849397792,10.675434928273479,77824.0,39.03265068529397,Bullish
XLMUSDT,USDT-M,Cross,One-Way,Long,20X,2026-08-23 14:18:53+00:00,2026-09-18 14:47:00+00:00,0.19372,0.19433765375,0.0,80000.0,80000.0,-7.053034191275703,-0.91,49.4123,-12.42772738,-44.0376068112757,Closed,0.19876,47.447847314691494,0.003158571428571431,0.19609572974633308,0.19584442693303694,0.19452983884216607,0.1785706449532753,,1.3586579662460692,1.4887189350350738,2.1745564500601424,11.30608844024024,0.20088,79.32421560740148,0.0014149999999999996,0.19912857296811337,0.19718712482157474,0.19564797302827436,0.194435668013369,,0.8795458159422904,1.872777029315056,2.6742045372325585,3.3143774763526914,77136.1,55.69992543702193,Bullish
XRPUSDT,USDT-M,Cross,One-Way,Long,20X,2026-09-18 08:20:11+00:00,2026-09-18 12:11:04+00:00,1.38485,1.3947,0.0,8000.0,8000.0,68.67184800000001,12.4,78.80000000000001,-8.91032,-1.217832,Closed,1.3365,79.1899441340783,0.009935714285714286,1.3202095141137549,1.3114280794547004,1.3105550060709743,1.344968694302262,,1.2339318655176346,1.9118029374302143,1.9796951527283428,-0.6296573547130334,1.3329,60.71428571428589,0.005885714285714272,1.326376131365029,1.3218671997836844,1.313273939521961,1.3096557594993654,,0.491856606938253,0.8346375655679358,1.494437671182521,1.7748358934808948,77824.0,39.03265068529397,Bullish
HYPEUSDT,USDT-M,Cross,One-Way,Long,20X,2026-09-17 22:04:38+00:00,2026-09-18 08:11:27+00:00,87.369,91.64565,0.0,10.0,10.0,41.7389957,95.55,42.7665,-0.7246119,-0.3028924,Closed,84.224,76.59084754941782,1.1591428571428557,82.79823936080949,81.61025839438682,80.18469694798229,80.28518467940891,,1.7219697546677097,3.2027120818342607,5.037498682121486,4.906030092998334,83.241,66.22712594187306,0.42249999999999943,83.18153501200435,82.89082964016211,82.008968924926,80.00585021161544,,0.07148820707272567,0.4224476475359413,1.502312602176295,4.043641533497352,77824.0,39.03265068529397,Bullish
XRPUSDT,USDT-M,Cross,One-Way,Long,20X,2026-09-18 06:47:15+00:00,2026-09-18 08:05:37+00:00,1.3514,1.385,0.0,3000.0,3000.0,97.49616,48.1,100.8,-3.30384,0.0,Closed,1.3216,63.62252663622527,0.009392857142857123,1.3130961158027419,1.3067351330734707,1.308728517613746,1.34522218677573,,0.6476208477746889,1.1375577613473158,0.9835104999257743,-1.7560063317382677,1.3216,49.38271604938278,0.005764285714285666,1.3205402716256283,1.316716235845996,1.309284994849179,1.3085271847698277,,0.08024960670584386,0.370904832875111,0.9405901082857662,0.9990480428935059,77824.0,39.03265068529397,Bullish
XRPUSDT,USDT-M,Cross,One-Way,Long,20X,2026-09-17 20:32:10+00:00,2026-09-18 06:39:15+00:00,1.3218,1.3365,0.0,10000.0,10000.0,133.49911749,20.2,147.0,-10.6626,-2.83828251,Closed,1.2975,46.56652360515036,0.011107142857142855,1.298746992384097,1.2985764674139788,1.308305867220955,1.3490728664221017,,-0.09601503536942843,-0.08289595884348783,-0.8259434962183837,-3.8228377210549653,1.2955,32.812500000000355,0.003764285714285712,1.2969359355710384,1.2985222513337136,1.2994844398000525,1.3088532068790688,,-0.11071754060126586,-0.23274544048893422,-0.3066169688546203,-1.0202218865253143,77824.0,39.03265068529397,Bullish
ZECUSDT,USDT-M,Cross,One-Way,Long,20X,2026-09-17 10:59:34+00:00,2026-09-17 20:25:42+00:00,1470.0,1485.53,0.0,1.36,1.36,20.50736643316734,20.52,21.1208,-1.61203248,0.9985989131673408,Closed,1345.7,56.001798965594794,29.01357142857145,1355.0922133648298,1325.89471560256,1257.9596797696133,1167.1021569840477,,-0.6931051091724584,1.4937297935032119,6.974811803702305,15.302674401482872,1345.7,42.54086488723369,12.877142857142887,1351.3112157931716,1357.390088237806,1346.9272132131975,1256.9807843344029,,-0.41524230152104613,-0.861218034454797,-0.0911120661279009,7.058120280858217,77824.0,39.03265068529397,Bullish
XRPUSDT,USDT-M,Cross,One-Way,Long,20X,2026-09-14 15:17:24+00:00,2026-09-17 20:25:30+00:00,1.3121507381856587,1.3162815712006473,0.0,44501.0,44501.0,115.49369797950703,3.96,183.82620000000003,-46.82391172,-21.508590300493,Closed,1.4028,82.16080402010073,0.013671428571428588,1.3936482450625944,1.3822587160804067,1.3710650704260294,1.377746340054242,,0.6566760995702016,1.4860665142225382,2.3146187776565306,1.8184522954183036,1.3976,49.64370546318294,0.008064285714285746,1.3974928938531113,1.3959459069168376,1.3872910640002256,1.369663593369372,,0.007664163972482364,0.11849263463336154,0.7430982774479012,2.039654610509466,77824.0,39.03265068529397,Bullish
ZECUSDT,USDT-M,Cross,One-Way,Long,20X,2026-09-17 05:47:10+00:00,2026-09-17 09:14:31+00:00,1369.7237931034483,1467.6313793103448,0.0,1.45,1.45,140.62713566272473,141.61,141.966,-2.468499,1.1296346627247256,Closed,1358.48,65.9413027916965,43.15357142857143,1346.2195183252852,1303.3804705091072,1235.133357708627,1157.1474112946141,,0.9107342084868159,4.227432490941853,9.986504009591403,17.399044126982524,1358.48,44.372268808314665,12.487142857142869,1360.7893482601849,1358.2540799138383,1330.966502251543,1233.954108935657,,-0.1697065209348834,0.01663312405997569,2.06718183379623,10.09161444194651,77824.0,39.03265068529397,Bullish
XRPUSDT,USDT-M,Cross,One-Way,Long,20X,2026-09-03 14:27:21+00:00,2026-09-14 11:45:15+00:00,1.4255472220041057,1.4606145916295556,0.0,79147.0,89147.0,2662.4400495334366,41.99,3126.1508000000003,-87.54274504,-376.16800542656347,Closed,1.4492,89.23533778767636,0.017550000000000003,1.3888620684518638,1.3721854263969362,1.3629054439524968,1.3718342215829644,,4.344414965223561,5.612548575544018,6.331661263106011,5.6395865622715675,1.4067,84.43017656500803,0.008250000000000026,1.3906338298857501,1.3815344886226093,1.3707787866303018,1.359692434241268,,1.1553127623516737,1.8215622979112733,2.6204967366033625,3.457220513620284,77824.0,39.03265068529397,Bullish
ADAUSDT,USDT-M,Cross,One-Way,Long,20X,2026-09-05 20:44:33+00:00,2026-09-06 17:58:34+00:00,0.2235,0.22340001,0.0,10000.0,10000.0,-4.23798006,-3.79,-0.9999,-1.78740006,-1.45068,Closed,0.219,71.42857142857152,0.0021142857142857174,0.2179832064219029,0.21624589360863605,0.2143379078833942,0.20828567744432183,,0.4664550057719248,1.2735993943766426,2.175113195161957,5.1440515195973004,0.2196,53.77358490566034,0.0013428571428571417,0.21981807767304173,0.21919361755966485,0.21716146697998026,0.21424272381939127,,-0.09920825227400724,0.18539884731110942,1.1229123904585396,2.5005638861859096,77824.0,39.03265068529397,Bullish
HYPEUSDT,USDT-M,Cross,One-Way,Long,20X,2026-09-03 19:55:48+00:00,2026-09-06 06:31:32+00:00,86.976,88.53918,0.0,20.0,20.0,26.3606896448327,30.31,31.2636,-1.41037416,-3.492536195167298,Closed,85.792,80.98305084745765,0.8479285714285721,84.00991183885068,83.1737656015122,82.64532523157592,81.44926843420225,,2.1212832178276195,3.1479089344491546,3.807444352849908,5.331823906197474,85.792,75.88165680473382,0.49621428571428794,84.83839954271582,84.27798418661611,83.42497671018933,82.56050223777045,,1.1240198570743283,1.7964547064051966,2.837307702264629,3.9140965408894757,77824.0,39.03265068529397,Bullish
ADAUSDT,USDT-M,Cross,One-Way,Long,20X,2026-09-03 09:59:42+00:00,2026-09-03 13:55:13+00:00,0.222,0.2229,0.0,18018.0,18018.0,13.00647348,6.5,16.2162,-3.20972652,0.0,Closed,0.2061,70.31963470319641,0.003042857142857145,0.20514390662118528,0.20260704150640507,0.2000591110865484,0.20189447180445277,,0.4660598477244679,1.7240064647429882,3.0195520117242953,2.0830328626434826,0.2061,54.76190476190474,0.0013071428571428598,0.2068546856121548,0.2062908845843625,0.2041780430464511,0.1999854427928145,,-0.36483853866854765,-0.0925317590969188,0.941314220115068,3.0575011469810884,77824.0,39.03265068529397,Bullish
XRPUSDT,USDT-M,Cross,One-Way,Long,20X,2026-09-03 08:11:28+00:00,2026-09-03 13:54:58+00:00,1.45,1.4714,0.0,2068.0,2068.0,41.33266804485257,27.57,44.2552,-2.42543312,-0.4970988351474345,Closed,1.3684,69.5906432748539,0.012185714285714308,1.362549955947355,1.3555732116100925,1.3556714439614788,1.3708221374908893,,0.42934528947803413,0.9462261632237824,0.9389115699985918,-0.17669232387234937,1.3737,58.469945355191136,0.008071428571428587,1.3681497361929034,1.365398828364253,1.3582918662807255,1.3551639101333057,,0.405676634674583,0.6079668052514472,1.1343757628075146,1.3678116520141703,77824.0,39.03265068529397,Bullish
XRPUSDT,USDT-M,Cross,One-Way,Long,20X,2026-08-30 11:36:23+00:00,2026-09-03 07:55:59+00:00,1.39335,1.4312555828125,0.0,64000.0,64000.0,2164.2281656070477,48.54,2425.9573,-60.82081038,-200.9083240129527,Closed,1.3915,49.77064220183489,0.006571428571428546,1.3913148338352288,1.3917624035238134,1.3966962090680775,1.384926467427084,,0.013308717787528776,-0.018854046003044616,-0.37203573936415135,0.47464849055330977,1.3902,46.11398963730606,0.0034214285714285436,1.3897393871807624,1.3904032112255198,1.3914726856866724,1.396525763780214,,0.033143827071930934,-0.014615273028647702,-0.09146321733539581,-0.45296434511103156,77824.0,39.03265068529397,Bullish
XRPUSDT,USDT-M,Cross,One-Way,Long,20X,2026-08-30 09:38:25+00:00,2026-08-30 11:03:48+00:00,1.4097,1.4188,0.0,7500.0,7500.0,59.75085,11.3,68.25,-8.49915,0.0,Closed,1.3859,37.354988399071814,0.006814285714285694,1.3918356778675447,1.3920837117839382,1.397231086957963,1.3848187977708042,,-0.42646398292066634,-0.44420545485830976,-0.810967281198485,0.07807535765229169,1.3858,35.5805243445693,0.0036571428571428193,1.3899810717389718,1.3918548630293623,1.3924212988349671,1.3971674662581797,,-0.3008006241222426,-0.435021149847769,-0.4755240989567752,-0.813607998518853,77824.0,39.03265068529397,Bullish
XRPUSDT,USDT-M,Cross,One-Way,Long,20X,2026-08-30 07:06:52+00:00,2026-08-30 09:34:00+00:00,1.399758258064516,1.4087790516129033,0.0,15500.0,15500.0,129.30545194,11.92,139.8223,-8.70646566,-1.8103824,Closed,1.391,49.41724941724948,0.00659285714285713,1.3938494966680384,1.3928961686889663,1.3979586243971935,1.3847436895214327,,-0.2044335973754701,-0.13613137372263556,-0.49777041149512685,0.45180277952590053,1.3999,64.0495867768592,0.00322857142857139,1.3970305724152485,1.3951071132813437,1.3934164243476375,1.3978563797556287,,0.20539475952846184,0.3435497298399647,0.4653006480383571,0.14619672478287624,77824.0,39.03265068529397,Bullish
SOLUSDT,USDT-M,Cross,One-Way,Long,20X,2026-08-29 16:07:30+00:00,2026-08-30 08:57:21+00:00,105.55,106.14,0.0,9.47,9.47,4.2345788747007,8.47,5.5873,-1.20282258,-0.14989854529929966,Closed,104.78,61.38107416879801,0.6007142857142875,104.28019015017036,104.21074599378876,104.09952157989453,98.17833049689433,,0.4792951078338911,0.5462526928318578,0.6536806411576234,6.724161502536956,105.21,80.66914498141298,0.3814285714285707,104.78364213211432,104.35197733905436,104.03531784475827,104.04663151777328,,0.4068935372069866,0.8222390057428417,1.1291186296893803,1.1181221969958621,77824.0,39.03265068529397,Bullish
XRPUSDT,USDT-M,Cross,One-Way,Long,20X,2026-08-29 12:11:01+00:00,2026-08-30 06:57:02+00:00,1.3940204789430224,1.4083,0.0,6055.0,6055.0,77.58889293059269,18.38,86.4625,-6.1830101,-2.6905969694073066,Closed,1.3839,52.25988700564947,0.007085714285714266,1.383508010162551,1.3879315515893733,1.4028903630786285,1.3829012781747028,,0.02833303707456449,-0.29047193175749353,-1.3536598139397296,0.07221931464372941,1.3821,53.43511450381724,0.0028714285714285725,1.3831436421591243,1.3830661544703147,1.3841775322849235,1.4034004686072563,,-0.07545435826860844,-0.06985598390877974,-0.1500914612805397,-1.5177755091100211,77824.0,39.03265068529397,Bullish
HYPEUSDT,USDT-M,Cross,One-Way,Long,20X,2026-08-27 19:15:04+00:00,2026-08-30 06:35:44+00:00,83.21512244897959,83.66933979591836,0.0,98.0,98.0,27.560901030344922,6.76,44.5133,-8.20991358,-8.742485389655078,Closed,84.89,70.10309278350516,1.3681428571428589,84.41772576090162,83.32312804207942,82.10794577451178,76.76960098969873,,0.5594491380116261,1.8804766392462955,3.388288671998221,10.577623050810047,86.424,67.49756572541392,0.8692857142857123,85.86747366701877,85.18471274650273,83.91571932622065,82.0599981149187,,0.6481224021325714,1.454823539976262,2.989047456089202,5.318062375494891,79855.8,56.28806938559322,Bullish
XRPUSDT,USDT-M,Cross,One-Way,Long,20X,2026-08-29 08:17:44+00:00,2026-08-29 12:06:26+00:00,1.39065,1.3963,0.0,10000.0,10000.0,44.78458638432249,6.44,56.50000000000001,-11.1591,-0.5563136156775225,Closed,1.3822,58.41035120147876,0.008707142857142833,1.3832883060609151,1.3900303579979658,1.4062253617063107,1.3828697273752182,,-0.07867528816274898,-0.5633228046359818,-1.7085000996681161,-0.04843025788765195,1.3832,46.666666666666664,0.004364285714285677,1.3815996862802695,1.382001988657292,1.3848215738713403,1.4066395487722303,,0.11583049240833601,0.08668665837969344,-0.11709623116334957,-1.6663507572134781,77570.0,39.158217152513714,Bullish
XRPUSDT,USDT-M,Cross,One-Way,Long,20X,2026-08-27 13:48:26+00:00,2026-08-29 07:58:12+00:00,1.3890774840982236,1.3984,0.0,39461.0,39461.0,303.4649034812871,11.07,367.8758000000001,-44.07223476,-20.338661758713,Closed,1.4383,57.656826568265686,0.01746428571428568,1.4230678416093163,1.4168365504877842,1.426166665967773,1.3674986016186221,,1.0703747175860483,1.5148853623818717,0.8507655046048535,5.177438448388512,1.4383,59.646017699115006,0.008514285714285696,1.428529859133606,1.4265091141362565,1.4194373758331165,1.426280046784694,,0.6839297620505788,0.8265552422272995,1.3288803358311123,0.8427484660114938,80273.6,54.86150321841685,Bullish
BTCUSDT,USDT-M,Cross,One-Way,Long,30X,2026-08-24 22:53:09+00:00,2026-08-27 14:31:48+00:00,80726.2,80038.1,0.0,0.0002,0.0002,-0.156911716,-29.16,-0.13762,-0.019291716,0.0,Closed,78703.8,66.14177792375911,787.1285714285696,78750.63648800417,78393.3162851876,77671.51508285428,72961.30025408376,,-0.059474424706773166,0.3960589110465683,1.329039244367197,7.870610482431505,78703.8,43.052464228935385,183.26428571428656,78803.5119686877,78841.52363933453,78668.65748002661,77685.58156662893,,-0.12653239201739874,-0.17468414228592063,0.04467156438040841,1.3106916532481332,78952.9,63.36643103283887,Bullish
BTCUSDT,USDT-M,Isolated,One-Way,Short,3X,2026-08-27 13:34:24+00:00,2026-08-27 14:31:22+00:00,79961.8,80038.2,0.0,0.0003,0.0003,-0.05172,-0.65,-0.02292,-0.0288,0.0,Closed,79500.0,58.082998322306814,480.4928571428588,79334.78783147574,79092.12834808015,78849.04132089324,75777.72519501904,,0.20824681459438257,0.5156918399323239,0.82557589566313,4.912096259687707,79205.4,25.40714285714317,238.52857142856996,79358.9293226049,79410.55030347327,79224.66894952743,78848.81420512704,,-0.19346193795129596,-0.258341369867451,-0.024321906021109226,0.4522398953842061,80273.6,54.86150321841685,Bullish
HYPEUSDT,USDT-M,Cross,One-Way,Long,20X,2026-08-27 09:19:04+00:00,2026-08-27 11:16:37+00:00,84.895,85.399,0.0,23.5,23.5,10.2408676,10.27,11.844,-1.6031324,0.0,Closed,83.067,61.04281009879249,1.1174285714285708,81.8818346403169,81.57240423685045,81.11739556256829,76.0083736204213,,1.4474093855971646,1.8322320852648863,2.4034356920741047,9.286643093863338,82.924,74.71509971509963,0.3739285714285724,82.2127904156721,81.8102915168449,81.53082528734103,81.08020197964052,,0.8650838643622134,1.3613305398450914,1.7087705266676456,2.274042214180065,79450.2,41.76199889814304,Bullish
XRPUSDT,USDT-M,Cross,One-Way,Long,20X,2026-08-27 04:51:14+00:00,2026-08-27 11:16:33+00:00,1.42,1.4397,0.0,2112.0,2112.0,39.18220416,26.13,41.6064,-2.42419584,0.0,Closed,1.4024,66.12576064908728,0.017071428571428546,1.4025873697021312,1.4058893441699452,1.4274311279440148,1.3623017346024564,,-0.013358861357126023,-0.24819479459140623,-1.7535786808900586,2.943420270197708,1.4024,42.29249011857733,0.0071857142857142875,1.4047743204649628,1.4046155857254785,1.4025439755697895,1.4279440767435283,,-0.16901792909887436,-0.15773609149681178,-0.010265315904330916,-1.7888709480683787,79067.5,50.784630552664765,Bullish
XRPUSDT,USDT-M,Cross,One-Way,Long,20X,2026-08-26 15:19:27+00:00,2026-08-27 01:41:38+00:00,1.41279,1.44,0.0,14000.0,14000.0,365.831172,36.99,380.94,-15.108828,0.0,Closed,1.3724,23.704268292682983,0.020971428571428547,1.4012747959333864,1.4222480176527068,1.4476849540464973,1.3575392364580425,,-2.060609098028694,-3.5048751718407343,-5.200368618604792,1.0946839062074383,1.3767,35.72016460905358,0.014800000000000004,1.3814404358794783,1.3946880387120413,1.41413860783275,1.4503045799260872,,-0.34315166664861024,-1.2897535658693065,-2.647449664791123,-5.075111872696307,77975.6,54.15255485201002,Bullish
XRPUSDT,USDT-M,Cross,One-Way,Long,20X,2026-08-26 14:41:37+00:00,2026-08-26 15:12:21+00:00,1.3962,1.4047,0.0,14000.0,14000.0,111.15748,11.37,119.0,-7.84252,0.0,Closed,1.3706,27.516292541636503,0.020421428571428542,1.408493494916733,1.4274951774056233,1.4507578093137012,1.3573898820505856,,-2.690356402318568,-3.98566512210755,-5.525237141519909,0.9731999718060446,1.3764,27.516158818098006,0.01378571428571429,1.3917336638271054,1.4032117694288109,1.4197393268758942,1.4527455557188433,,-1.101767114329874,-1.9107429122921884,-3.052625651446974,-5.2552599743501665,77975.6,54.15255485201002,Bullish
XRPUSDT,USDT-M,Cross,One-Way,Long,20X,2026-08-26 14:34:18+00:00,2026-08-26 14:37:38+00:00,1.3925,1.3982502083333332,0.0,4800.0,4800.0,19.563639399999992,5.85,27.600999999999992,-8.0373606,0.0,Closed,1.3706,27.516292541636503,0.020421428571428542,1.408493494916733,1.4274951774056233,1.4507578093137012,1.3573898820505856,,-2.690356402318568,-3.98566512210755,-5.525237141519909,0.9731999718060446,1.3764,27.516158818098006,0.01378571428571429,1.3917336638271054,1.4032117694288109,1.4197393268758942,1.4527455557188433,,-1.101767114329874,-1.9107429122921884,-3.052625651446974,-5.2552599743501665,77975.6,54.15255485201002,Bullish
XRPUSDT,USDT-M,Cross,One-Way,Long,20X,2026-08-26 02:43:16+00:00,2026-08-26 14:30:01+00:00,1.3858685052399338,1.3939006894649753,0.0,14504.0,14504.0,100.34839128,9.98,116.4988,-16.15040872,0.0,Closed,1.4426,37.21898417985013,0.019850000000000017,1.4470658876183895,1.4602920598603155,1.471376916945309,1.3495082099529478,,-0.3086167434807993,-1.2115425637531543,-1.9557814597942726,6.898201089884292,1.4453,50.300120048019174,0.009650000000000016,1.4411541773696595,1.4418900134894834,1.452554028354625,1.472292121718381,,0.28767377532828436,0.23649421790946304,-0.4993981781759909,-1.833340090611725,79049.1,60.07346740750154,Bullish
HYPEUSDT,USDT-M,Cross,One-Way,Long,20X,2026-08-21 20:52:21+00:00,2026-08-25 21:57:06+00:00,82.073,82.22900666666666,0.0,30.0,30.0,2.70763988,2.2,4.6802,-1.97256012,0.0,Closed,75.66,59.85164914302172,1.80942857142857,75.3752916304867,74.77584958759472,72.00691555265576,63.833629898061,,0.3777210851919834,1.1824010255738455,5.073241117615832,18.526864476961595,75.66,52.417164584464935,0.5847142857142842,75.22917538203886,75.32942831246511,75.17808265925198,71.94764635637586,,0.5726828930042962,0.43883472228632825,0.6410343596182467,5.159798591931506,78302.8,95.35211790474067,Bullish
XRPUSDT,USDT-M,Cross,One-Way,Long,20X,2026-08-25 16:20:04+00:00,2026-08-25 19:27:49+00:00,1.4377903117101938,1.4487021061499579,0.0,9496.0,9496.0,90.32594352000002,13.23,103.61840000000002,-13.29245648,0.0,Closed,1.471,29.183841714756753,0.019957142857142864,1.4772583875401781,1.484068122865188,1.4826634917927095,1.3389909531809416,,-0.42364880734229926,-0.8805608491851545,-0.7866580554031805,9.858845312244592,1.4699,47.690217391304294,0.01218571428571434,1.470089376178001,1.4717850481586763,1.4809790894250832,1.483702210884993,,-0.012881949973226402,-0.1280790398730198,-0.7480922252173111,-0.9302547899258319,78886.6,59.86626637554591,Bullish
XRPUSDT,USDT-M,Cross,One-Way,Long,20X,2026-08-24 22:57:03+00:00,2026-08-25 16:06:20+00:00,1.4422832173913043,1.4483,0.0,17250.0,17250.0,93.20838790000005,7.49,103.78950000000005,-10.5811121,0.0,Closed,1.4778,55.453431372549055,0.026435714285714278,1.4833305315518597,1.4862741236481083,1.4770848546461,1.309169068730698,,-0.3728455279669619,-0.5701588632457838,0.04841599666062467,12.880760422547846,1.4778,46.32206759443335,0.008957142857142886,1.4794312090030801,1.481568104155876,1.4859513249145524,1.4779003267295423,,-0.11025919915393093,-0.2543321596426238,-0.5485593490097076,-0.006788463858338351,78952.9,63.36643103283887,Bullish
XRPUSDT,USDT-M,Cross,One-Way,Long,25X,2026-08-24 19:42:02+00:00,2026-08-24 22:40:18+00:00,1.5232416666666666,1.5259254166666667,0.0,24000.0,24000.0,30.86659400000005,2.11,64.41000000000005,-33.543406,0.0,Closed,1.4824,50.6726457399103,0.029278571428571425,1.4868643194372255,1.4885802389714438,1.4767492647932392,1.3039746927744418,,-0.3002506266957376,-0.4151767442320842,0.3826468948709381,13.683187888096668,1.4786,36.45833333333326,0.014471428571428564,1.4815801373301065,1.487360395279677,1.490467497868164,1.4777109116913687,,-0.20114587493572797,-0.5889894142320378,-0.796226545371727,0.060166592910488495,78723.4,60.95285346122572,Bullish
XRPUSDT,USDT-M,Cross,One-Way,Long,25X,2026-08-24 18:10:05+00:00,2026-08-24 19:17:57+00:00,1.504,1.515,0.0,14000.0,14000.0,145.5468,17.28,154.0,-8.4532,0.0,Closed,1.4721,47.959787108219956,0.029557142857142837,1.4879803992965317,1.489230790442122,1.4765186225399018,1.3021814736063455,,-1.0672451938237535,-1.1503113252873511,-0.29925951982244464,13.048759319472664,1.4867,37.23098995695839,0.01664999999999996,1.4879225209430937,1.4939620563161444,1.493480470931698,1.4776078684766767,,-0.08216294369406792,-0.48609375890385786,-0.4540046598311485,0.615327768435387,78723.4,60.95285346122572,Bullish
XRPUSDT,USDT-M,Cross,One-Way,Short,25X,2026-08-24 17:43:11+00:00,2026-08-24 18:08:20+00:00,1.5051,1.504,0.0,28000.0,28000.0,-2.895760000000084,-0.17,30.799999999999915,-33.69576,0.0,Closed,1.476,53.0953708867819,0.029392857142857127,1.4919504991206645,1.4910340315412927,1.476698974480306,1.3004737497229921,,-1.06910377590044,-1.0082956675208743,-0.04733357931341974,13.497100600023328,1.471,38.423645320197096,0.01859999999999998,1.4912851889735839,1.4966976920648742,1.4944820095349214,1.4775317313786573,,-1.36024880576636,-1.7169594234772358,-1.5712473877306048,-0.4420704638649364,78723.4,60.95285346122572,Bullish
XRPUSDT,USDT-M,Cross,One-Way,Long,25X,2026-08-24 06:32:51+00:00,2026-08-24 17:42:48+00:00,1.4855536948621106,1.498789788356018,0.0,14033.0,14033.0,168.95323474,20.26,185.7421,-16.78886526,0.0,Closed,1.4833,43.092298647854236,0.02633571428571429,1.486195265025184,1.48987065132378,1.469023242414087,1.2784441238374649,,-0.19481054026469596,-0.44102159593128637,0.9718537579059452,16.02384275877665,1.4725,49.38101788170555,0.012964285714285746,1.4790133121625442,1.4814520208377675,1.4890254174833744,1.4690784932307124,,-0.4403822541002547,-0.6042734230910277,-1.1098143315313118,0.232901562786013,77298.8,42.30698501241302,Bullish
XRPUSDT,USDT-M,Cross,One-Way,Long,25X,2026-08-23 10:24:29+00:00,2026-08-24 06:07:51+00:00,1.49785,1.516704375,0.0,16000.0,16000.0,282.31651800000003,29.45,301.67,-19.353482,0.0,Closed,1.4757,44.191343963553514,0.03205000000000002,1.4704363313565394,1.4729268947412517,1.435880770273897,1.229892658090649,,0.3579664437837075,0.18827175120836181,2.7731571137697935,19.98608092278194,1.491,77.41176470588233,0.01288571428571431,1.4785401871400152,1.4731658578866997,1.473621367323717,1.4349138565001864,,0.8427104632229352,1.210599744612869,1.1793146504006542,3.908676694823344,77296.0,65.78637246209271,Bullish
XRPUSDT,USDT-M,Cross,One-Way,Long,25X,2026-08-22 17:59:52+00:00,2026-08-23 10:02:36+00:00,1.501707142857143,1.5090078571428571,0.0,14000.0,14000.0,85.329554,10.15,102.21000000000001,-16.880446,0.0,Closed,1.4802,41.65166966606677,0.07306428571428569,1.4838770012902118,1.4787331696283146,1.3993759866901765,1.1845781719716764,,-0.24779690547227046,0.09919506790086224,5.775718182858744,24.955873324617702,1.4802,49.059233449477304,0.018271428571428574,1.4716204676074904,1.474756549999062,1.485835062726464,1.3972132324905082,,0.5829989852246233,0.36910837934175605,-0.37925223787113377,5.939449010339623,77422.3,81.36948998695183,Bullish
XRPUSDT,USDT-M,Cross,One-Way,Long,20X,2026-08-22 13:19:06+00:00,2026-08-22 17:58:48+00:00,1.4965634455780514,1.5155052862504625,0.0,18917.0,18917.0,333.47730176,23.56,358.32280000000003,-24.84549824,0.0,Closed,1.5,54.53115785335169,0.07926428571428572,1.508589553931181,1.4855850642834558,1.3881832434688322,1.1731989101653404,,-0.5693764688213494,0.9703204524001424,8.054898880046766,27.85555688835435,1.5008,49.461684610512975,0.02323571428571428,1.5020417026774302,1.507674119571632,1.5050077517335245,1.3833011812017653,,-0.08266765664474701,-0.45594200247897787,-0.27958339275515126,8.494087939414296,76990.2,84.29970167520844,Bullish
XRPUSDT,USDT-M,Cross,One-Way,Long,20X,2026-08-22 11:41:00+00:00,2026-08-22 12:44:50+00:00,1.485,1.4995928571428572,0.0,7000.0,7000.0,93.77270999999999,18.04,102.14999999999999,-8.37729,0.0,Closed,1.4884,57.60206909292444,0.0812857142857143,1.5129711780174704,1.4822011450110912,1.378795591946036,1.1665789442082248,,-1.6240347717441261,0.418219552034034,7.949286224455361,27.586736190425594,1.4893,33.16722037652272,0.029171428571428563,1.4946561048385127,1.5106812644234748,1.505019756375124,1.374471782021842,,-0.3583503135720552,-1.4153392199270145,-1.0444883735603123,8.354352521464378,77133.9,86.3073914314958,Bullish
XRPUSDT,USDT-M,Cross,One-Way,Long,20X,2026-08-22 11:06:08+00:00,2026-08-22 11:24:10+00:00,1.4847,1.4961744,0.0,7000.0,7000.0,71.95828752,13.85,80.32079999999999,-8.36251248,0.0,Closed,1.4884,57.60206909292444,0.0812857142857143,1.5129711780174704,1.4822011450110912,1.378795591946036,1.1665789442082248,,-1.6240347717441261,0.418219552034034,7.949286224455361,27.586736190425594,1.4886,26.294277929155314,0.032621428571428565,1.4981689138101757,1.5156300210824165,1.5064108231285704,1.3721721791233663,,-0.6387072727226667,-1.7834181631683816,-1.1823350479904502,8.484927959333453,77133.9,86.3073914314958,Bullish
XRPUSDT,USDT-M,Cross,One-Way,Long,20X,2026-08-22 06:55:01+00:00,2026-08-22 11:00:08+00:00,1.474825,1.479146,0.0,10000.0,10000.0,31.38547400000003,4.26,43.21000000000003,-11.824526,0.0,Closed,1.5782,67.65982636148381,0.07103571428571429,1.528291143852142,1.4643116065799235,1.3493050767328452,1.1488114645561356,,3.2656641601717316,7.777606413028207,16.963911810173585,37.376762740591786,1.5782,50.588235294117645,0.06385000000000006,1.5593441999598174,1.5451718952231035,1.494958058707861,1.344156555569175,,1.2092134655497169,2.1375035929014037,5.568179040694134,17.411918534424046,77278.8,86.45355596444502,Bullish
XRPUSDT,USDT-M,Cross,One-Way,Long,8X,2026-08-21 21:31:54+00:00,2026-08-21 23:37:42+00:00,1.5657,1.5693,0.0,4000.0,4000.0,11.892,1.52,14.4,-2.508,0.0,Closed,1.4061,64.7774575728466,0.04329999999999997,1.3846610021065309,1.358003445243388,1.2713046795364873,1.1133649002165549,,1.5483210591511694,3.541710805305932,10.602912317813418,26.292826343502174,1.4054,58.394160583941556,0.01347857142857145,1.385698649966619,1.3845886863004344,1.3747401747305426,1.2672622338623016,,1.4217629521292752,1.5030683050843474,2.230226906365557,10.900487874296436,78302.8,95.35211790474067,Bullish
XRPUSDT,USDT-M,Cross,One-Way,Long,20X,2026-08-21 21:04:05+00:00,2026-08-21 21:13:52+00:00,1.5556,1.5746195,0.0,7200.0,7200.0,127.89797976,22.84,136.94039999999998,-9.04242024,0.0,Closed,1.4061,64.7774575728466,0.04329999999999997,1.3846610021065309,1.358003445243388,1.2713046795364873,1.1133649002165549,,1.5483210591511694,3.541710805305932,10.602912317813418,26.292826343502174,1.386,53.333333333333215,0.012985714285714283,1.3779666405728421,1.3813872871426358,1.3727331922008084,1.2646063157564416,,0.5829864955089318,0.3339188727373744,0.9664520297583671,9.599326108927825,78302.8,95.35211790474067,Bullish
HYPEUSDT,USDT-M,Cross,One-Way,Long,20X,2026-08-21 20:10:00+00:00,2026-08-21 20:42:16+00:00,81.06,81.973781,0.0,100.0,100.0,84.83847314,20.93,91.3781,-6.53962686,0.0,Closed,75.66,59.85164914302172,1.80942857142857,75.3752916304867,74.77584958759472,72.00691555265576,63.833629898061,,0.3777210851919834,1.1824010255738455,5.073241117615832,18.526864476961595,75.365,37.60092272203002,0.7123571428571418,75.00323316804463,75.28693185620928,75.1442653386976,71.84130061423402,,0.4823349830064344,0.10369414965643547,0.29374784663538145,4.904837963175495,78302.8,95.35211790474067,Bullish
XRPUSDT,USDT-M,Cross,One-Way,Long,20X,2026-08-21 20:04:14+00:00,2026-08-21 20:23:40+00:00,1.5472,1.5836013333333334,0.0,7500.0,7500.0,263.562994,45.43,273.01,-9.447006,0.0,Closed,1.3745,62.86293045239702,0.042335714285714254,1.3793012526331636,1.35294065000585,1.26580282972165,1.1104228389121986,,-0.34809311047878005,1.5935177935600329,8.587211825261337,23.78167593765442,1.3715,41.68356997971606,0.014250000000000016,1.3786607435860403,1.3836383437111976,1.3720791868114963,1.2600459334159653,,-0.5193985263854334,-0.8772771993756849,-0.04221234583714673,8.84523838602331,78302.8,95.35211790474067,Bullish
XLMUSDT,USDT-M,Cross,One-Way,Long,20X,2026-08-21 16:05:02+00:00,2026-08-21 20:00:36+00:00,0.20214,0.20959394,0.0,20000.0,20000.0,145.75511271999997,72.11,149.07879999999997,-3.32368728,0.0,Closed,0.1921,68.81720430107522,0.0032835714285714313,0.19096090061746196,0.18798318215932466,0.1800970069724514,0.16703111553379296,,0.5965092219689037,2.1899926330569994,6.6647376485188525,15.008511669273508,0.19087,45.6756756756757,0.0012850000000000003,0.19168648106561675,0.1912694763513858,0.1893845192790957,0.17944174220708428,,-0.42594608710942433,-0.20885525438042377,0.7843728339353699,6.368784460266206,76985.3,96.2925399210832,Bullish
XRPUSDT,USDT-M,Cross,One-Way,Long,20X,2026-08-21 19:22:18+00:00,2026-08-21 19:54:35+00:00,1.5122,1.5473818181818182,0.0,6600.0,6600.0,224.07626399999998,44.9,232.2,-8.123736,0.0,Closed,1.3719,60.236220472440905,0.04295714285714284,1.3805015657914543,1.350671244743308,1.2613662105266152,1.1077687970922205,,-0.6230754100248396,1.5717189019394835,8.763021282077728,23.843531574557495,1.3862,43.47120843471209,0.015514285714285734,1.3847608273164842,1.3875899841244206,1.3720380896542408,1.2566234419418651,,0.10392933242521449,-0.10017253946219386,1.032180553334942,10.311486618290344,76985.3,96.2925399210832,Bullish
HYPEUSDT,USDT-M,Cross,One-Way,Long,20X,2026-08-21 15:45:59+00:00,2026-08-21 19:19:31+00:00,76.0,79.239081,0.0,100.0,100.0,317.63375514,83.59,323.9081,-6.27434486,0.0,Closed,76.682,57.373172828890844,1.7581428571428563,75.56606088405358,74.43051415817592,71.27195440564373,63.2438529821418,,1.4767729095455737,3.024950005100509,7.590707508264819,21.248147265241315,76.682,65.37738976682513,1.1382857142857137,76.6465629174382,76.08446430038009,75.05307036482775,71.1976450048528,,0.04623440531830641,0.7853583581279496,2.170370415566135,7.703000562411002,77222.6,98.04574513846656,Bullish
XRPUSDT,USDT-M,Cross,One-Way,Long,20X,2026-08-21 15:29:43+00:00,2026-08-21 18:07:40+00:00,1.4331566333333334,1.4733,0.0,3000.0,3000.0,116.91826602,54.39,120.43010000000001,-3.51183398,0.0,Closed,1.4023,67.08333333333334,0.04079285714285714,1.3791608539830422,1.3348747795744609,1.2401846302449755,1.096505196445738,,1.6777699243805824,5.051052087974381,13.071873800193906,27.888130812829647,1.4059,72.40110395584175,0.01739999999999997,1.398904355594688,1.3883259569747854,1.3564819901714604,1.2334024988825634,,0.5000802504713016,1.2658441583494544,3.6431010648577073,13.985499565122955,77222.6,98.04574513846656,Bullish
XRPUSDT,USDT-M,Cross,One-Way,Long,20X,2026-08-21 07:39:16+00:00,2026-08-21 15:18:41+00:00,1.3941,1.4345946666666667,0.0,7500.0,7500.0,295.16317399999997,56.46,303.71,-8.546826,0.0,Closed,1.3138,50.8675799086758,0.026878571428571467,1.2947396161975966,1.2608450763439487,1.1818278581885144,1.0716608709511783,,1.4721403102177568,4.199954827884475,11.166782107655703,22.594753210864678,1.3188,59.32203389830504,0.011057142857142876,1.3090217045429162,1.3033475204439915,1.2824040978870959,1.1789486888074079,,0.7469926146486726,1.1855993366024526,2.838099330224414,11.862374717432514,76310.5,94.68193951888975,Bullish
XLMUSDT,USDT-M,Cross,One-Way,Long,20X,2026-08-21 11:29:53+00:00,2026-08-21 15:17:16+00:00,0.19403,0.1980381,0.0,20000.0,20000.0,77.00942279999998,39.69,80.16199999999998,-3.1525772,0.0,Closed,0.188,63.04687499999997,0.0034000000000000024,0.18884741643512537,0.18539419076542576,0.17747072834667646,0.16575346668001484,,-0.44873075370691257,1.405550639864059,5.932962439166507,13.42145884823745,0.19067,54.84966052376334,0.0022542857142857165,0.19091325583375293,0.19005388088607747,0.1872603109057321,0.17700190306305721,,-0.12741694267932477,0.32418128535446844,1.820828491513265,7.72200563972101,76748.8,97.7409188157077,Bullish
HYPEUSDT,USDT-M,Cross,One-Way,Long,20X,2026-08-21 07:37:36+00:00,2026-08-21 15:14:08+00:00,76.40555166374781,76.95117162872154,0.0,171.3,171.3,80.94051798,12.37,93.4647,-12.52418202,0.0,Closed,73.836,50.82834591031313,1.3151428571428585,73.30097746022685,72.77620922350246,69.61606448847186,62.21422364594728,,0.7298982337083507,1.4562324526176138,6.061726618037908,18.680256174521563,73.933,72.43410852713147,0.4569285714285708,73.31247779923808,73.23104813448624,73.18801141994844,69.52851261909676,,0.8464073502756096,0.9585440648407124,1.0179106736168424,6.334793043873497,76310.5,94.68193951888975,Bullish
XLMUSDT,USDT-M,Cross,One-Way,Long,20X,2026-08-21 06:33:29+00:00,2026-08-21 06:56:34+00:00,0.19025,0.1917842,0.0,10000.0,10000.0,13.8107948,14.52,15.342,-1.5312052,0.0,Closed,0.18635,53.00171526586617,0.0032921428571428585,0.18452525035133455,0.1816759769376209,0.1744345547580519,0.16444836845117639,,0.9888888621969802,2.5727248814981984,6.83089727174488,13.318241923042276,0.18606,69.69696969696962,0.0009078571428571408,0.18601311707974863,0.1851972723838789,0.18333845012389244,0.17416613856838312,,0.025204093661455755,0.46584250675832584,1.4844403202211298,6.829032054900259,76310.5,94.68193951888975,Bullish
HYPEUSDT,USDT-M,Cross,One-Way,Long,20X,2026-08-21 06:27:32+00:00,2026-08-21 06:56:13+00:00,76.981,77.265006,0.0,100.0,100.0,22.22507964,5.77,28.4006,-6.17552036,0.0,Closed,72.924,46.05789816624781,1.3138571428571433,73.16722182528355,72.66465229966062,69.4438222226952,62.09742187354473,,-0.33241910682946535,0.3569103988413378,5.011500902332868,17.434827082680712,73.02,41.95846905537461,0.5974999999999996,73.03214074474505,73.13700238120664,73.15445660918978,69.33404419524577,,-0.01662383797222491,-0.15997699850590422,-0.18379824746438284,5.3162279043964595,76310.5,94.68193951888975,Bullish
XRPUSDT,USDT-M,Cross,One-Way,Long,20X,2026-08-21 06:30:50+00:00,2026-08-21 06:54:52+00:00,1.3876,1.4065,0.0,2500.0,2500.0,44.44645,25.62,47.25,-2.80355,0.0,Closed,1.2983,46.23915139826421,0.027964285714285775,1.2899745202469957,1.255270873853838,1.1764412401553925,1.0692273118652604,,0.6453987751176855,3.427875771072196,10.358252982402378,21.424133633018005,1.2999,55.27108433734951,0.011750000000000054,1.3051537708567285,1.2996809242061367,1.2775570424772473,1.1735961424914685,,-0.4025403729462256,0.016856121358955197,1.7488814025421997,10.762122755481855,76310.5,94.68193951888975,Bullish
XRPUSDT,USDT-M,Cross,One-Way,Long,20X,2026-08-20 21:26:01+00:00,2026-08-21 06:17:20+00:00,1.3052,1.3768,0.0,1538.0,1538.0,108.44880944,108.05,110.1208,-1.67199056,0.0,Closed,1.2576,72.63419174681974,0.03583571428571435,1.2404937124535105,1.1993995406728375,1.1267755634266448,1.0484619407186646,,1.3789902661139573,4.852466367838805,11.610514180437514,19.947129329080127,1.2593,29.832935560859227,0.01720000000000001,1.2481236426496425,1.2489394096316846,1.2232488700905413,1.122299171107853,,0.8954527394923235,0.8295510805741054,2.947162330653974,12.207157629539171,72996.8,91.05984862173504,Bullish
HYPEUSDT,USDT-M,Cross,One-Way,Long,20X,2026-08-20 16:42:29+00:00,2026-08-21 06:16:57+00:00,73.945,76.21072515856237,0.0,94.6,94.6,208.61283984,59.64,214.3376,-5.72476016,0.0,Closed,73.771,76.44281217208808,1.3150714285714298,72.41283683932993,70.65839184298845,66.49865042203449,60.40139946409389,,1.8755834185637212,4.405150012369577,10.936085968378997,22.134587368052255,74.08,71.01727447216885,0.6889285714285701,73.18372423519777,72.71456392062407,71.79856629182447,66.35467402808618,,1.224692749882168,1.8778027478325368,3.1775477227534954,11.642474452732436,72611.7,91.15318519107174,Bullish
XLMUSDT,USDT-M,Cross,One-Way,Long,20X,2026-07-19 14:55:37+00:00,2026-08-20 21:06:15+00:00,0.1830882186234818,0.18561337189126662,0.0,86450.0,86450.0,203.8265999000001,25.76,218.2995000000001,-14.4729001,0.0,Closed,0.19084,75.86666666666689,0.00133357142857143,0.1888935870609452,0.18788346683930132,0.18692691698819922,0.18677668997698876,,1.030428279403058,1.573599428643416,2.0933758898125028,2.1754909691952746,0.19084,69.51672862453542,0.0010685714285714326,0.19020461296364746,0.18937008719145315,0.1882318137936517,0.18682262175199565,,0.33405448293411494,0.7762117187287222,1.385624541241219,2.1503703407702774,,,
XRPUSDT,USDT-M,Cross,One-Way,Long,20X,2026-08-20 14:52:29+00:00,2026-08-20 21:05:36+00:00,1.2657,1.319,0.0,6072.0,6072.0,317.29515312,82.57,323.6376,-6.34244688,0.0,Closed,1.227,86.60933660933661,0.019721428571428588,1.1770237356830138,1.1371060017261727,1.082859867233522,1.0328602400572349,,4.245986109021468,7.90550732626199,13.311060565456707,18.796324266679797,1.227,79.62226640159062,0.016285714285714348,1.2183451171834634,1.1966042309615916,1.1588717496304863,1.081033814212845,,0.7103802276111075,2.5401689424064973,5.878842968709598,13.502462537995664,72430.4,91.13010049100163,Bullish
HYPEUSDT,USDT-M,Cross,One-Way,Long,20X,2026-08-20 05:12:30+00:00,2026-08-20 12:36:27+00:00,71.5,72.71801075268817,0.0,27.9,27.9,32.3662305,32.45,33.9825,-1.6162695,0.0,Closed,71.208,84.29776310964428,2.070785714285716,69.54365846834325,66.8522511597708,63.17840565240823,58.99650986968153,,2.393232637328629,6.515485663780196,12.7093969287047,20.698665323241407,70.858,69.56046956046967,0.47242857142857175,70.23126274143834,69.90798250878916,68.16258199862564,62.84867737982427,,0.8923907019428676,1.3589542382966104,3.954395391636883,12.743820481331078,69815.8,84.02187976378059,Bullish
XRPUSDT,USDT-M,Cross,One-Way,Long,20X,2026-08-20 06:37:05+00:00,2026-08-20 11:41:30+00:00,1.195,1.2492015933715743,0.0,6276.0,6276.0,333.96524248,89.06,340.1692,-6.20395752,0.0,Closed,1.1115,65.71618037135279,0.016078571428571387,1.1001383201778743,1.080278187111495,1.0467331565322866,1.0209208145063926,,1.0327501200293308,2.890164150401614,6.187521916500558,8.87230274929811,1.1097,91.91489361702118,0.004014285714285716,1.1042174935782991,1.1024783318035616,1.091953159278815,1.0450449682611502,,0.4965060283490268,0.6550394677257996,1.6252382778860135,6.186818146823782,69815.8,84.02187976378059,Bullish
XRPUSDT,USDT-M,Cross,One-Way,Long,20X,2026-07-04 11:48:59+00:00,2026-08-20 04:56:31+00:00,1.1451375,1.1876484375,0.0,19200.0,19200.0,798.1309620000001,72.6,816.21,-18.079038,0.0,Closed,1.14,55.86319218241031,0.00932142857142856,1.1385581773144837,1.1323629217439493,1.1128705610490912,1.083579776612919,,0.12663583769755243,0.6744373300645344,2.4377892542448114,5.206836137477642,1.14,40.28268551236731,0.0038714285714285734,1.1400553422481148,1.1395825371322204,1.1368631293750162,1.112551480379398,,-0.004854347509634441,0.03663296463195222,0.2759233318357475,2.4671684955415643,,,
HYPEUSDT,USDT-M,Cross,One-Way,Long,20X,2026-08-19 14:16:27+00:00,2026-08-20 04:55:36+00:00,70.03,71.82207428571428,0.0,70.0,70.0,121.44825288,49.55,125.4452,-3.99694712,0.0,Closed,59.872,66.05873993368084,0.4777857142857153,58.88038501940889,58.76715670231721,58.72226007539385,57.496838966248276,,1.6841176909156426,1.8800353116951576,1.9579286000402474,4.130941937775027,58.914,58.497011101622704,0.26064285714285773,58.911475593311266,58.79942644209682,58.667130768735376,58.69086227554101,,0.004285084804465403,0.19485489032110237,0.42079649716939266,0.3801915933887798,68529.6,85.95073188147097,Neutral
HYPEUSDT,USDT-M,Cross,One-Way,Long,20X,2026-07-10 06:26:54+00:00,2026-08-19 13:04:02+00:00,61.65055988857939,69.64513370473537,0.0,71.8,71.8,569.52756152,257.33,574.0104,-4.48283848,0.0,Closed,68.041,65.18115942028965,0.47314285714285476,67.93471891924075,67.76099094344227,68.00854782705305,68.18935072349207,,0.15644589754701144,0.4132304629243756,0.04771778546054702,-0.21755702601368745,67.806,34.61759631972387,0.21414285714285444,68.07484868064489,68.01491229698533,67.78068021797846,67.99161746900724,,-0.39493100000284376,-0.3071566071762646,0.037355455773110655,-0.27300051964766264,,,
